cod_tse,aptos22,abst22
00019,28174,7212
00035,350692,73802
00051,92331,22773
00078,69761,18304
00094,66497,15413
00116,26476,6097
00132,65454,15493
00159,43047,13017
00175,30339,9394
00191,15598,4075
00213,9511,2622
00230,13741,3759
00256,23900,5659
00272,12930,2897
00299,40497,10602
00310,19397,5313
00337,11870,3555
00353,6834,1919
00370,14084,3566
00396,23639,7111
00418,17389,4460
00434,18003,4608
00450,4781,1189
00477,18894,5190
00493,6445,1883
00515,6839,1402
00531,3075,779
00558,6175,1734
00566,9543,2725
00574,9138,2611
00582,10067,2662
00590,8054,2224
00604,6001,1368
00612,7422,2005
00620,3947,958
00639,11742,3114
00647,3322,933
00655,5621,1216
00663,10082,2777
00671,7748,2183
00680,11121,3201
00698,6381,1642
00701,3269,780
00710,4435,1015
00728,2877,610
00736,8354,1893
00744,5566,1434
00752,4088,1042
00779,22959,7094
00787,1988,480
00795,12556,3174
00809,7344,2202
01007,9947,2415
01015,7836,1670
01023,13179,2600
01031,3768,1158
01040,11361,3081
01058,18195,3658
01066,7234,1579
01074,59192,12529
01082,11789,2695
01090,13771,3205
01104,5594,1446
01112,12513,2576
01120,9521,2228
01139,22750,6896
01392,266812,55951
01457,30309,7852
01473,27619,8312
01490,12097,2414
01511,12270,2588
01538,17817,3597
01554,7774,2014
01570,6390,1371
02003,11692,3752
02011,11480,2601
02020,11815,3838
02038,10812,2608
02046,16762,3721
02054,8962,2768
02070,28954,6975
02097,11804,4246
02119,21076,4337
02135,22243,5316
02151,23010,6757
02178,20894,4323
02194,10034,3028
02216,21551,7469
02232,24216,6655
02259,51522,15789
02275,16464,4557
02291,20056,5526
02313,12083,4552
02330,16328,4677
02356,32834,8451
02372,8916,3343
02399,11955,4235
02410,71130,16259
02437,8346,1892
02453,5107,1715
02470,7874,2550
02496,14312,4825
02518,27125,7949
02534,72662,15095
02550,1418757,216041
02577,33168,8630
02593,10070,3990
02615,36860,9564
02631,14309,3179
02658,19057,4744
02674,13651,4227
02690,72773,17709
02712,11419,3686
02739,16282,3584
02755,18540,3634
02771,8334,1814
02798,14018,4316
02810,41755,7959
02836,31981,10384
02852,12254,3267
02879,13184,3409
02895,11310,2641
02917,6799,1394
02933,8653,2188
02950,13827,3408
02976,12708,3025
02992,9622,2498
03000,6482,851
03018,233090,40198
03026,5759,773
03034,14148,2467
03042,6495,897
03050,10902,1617
03069,13346,2062
03077,10201,1554
03085,20471,3812
03093,12433,2009
03107,6329,793
03115,7644,969
03123,8427,1632
03131,4936,668
03158,5969,926
04006,22433,6152
04014,119655,19640
04022,52835,12529
04030,44082,6468
04049,10893,2188
04057,27035,5847
04065,17603,3893
04073,40901,7816
04081,28541,8184
04090,23616,5937
04103,26145,6607
04111,89319,24218
04120,20687,5732
04138,21528,5742
04146,17976,4182
04154,348928,60945
04162,5581,971
04170,35835,7020
04189,24089,6291
04197,11628,3369
04200,13275,4275
04219,15949,4071
04227,15161,2982
04235,26479,5340
04243,17169,3360
04251,94533,16763
04260,9790,2156
04278,1066292,182309
04286,11893,3324
04294,46837,8739
04308,7754,2222
04316,12188,2038
04324,19998,5070
04332,89316,18900
04340,19126,4948
04359,73739,18819
04367,14637,3719
04375,21652,3736
04383,23870,7498
04391,18758,4450
04405,14707,3087
04413,100339,16420
04421,45734,12405
04430,53042,9871
04448,33420,10303
04456,40965,6821
04464,17065,4919
04472,138775,23471
04480,16184,3908
04499,14431,4220
04502,5467,1223
04510,11433,2252
04529,7166,1752
04537,33348,8718
04545,10790,2250
04553,23420,4858
04561,14081,3185
04570,33587,7101
04588,2940,727
04596,6870,1789
04600,10287,1929
04618,21629,4034
04626,13663,3140
04634,31521,6285
04642,84628,14873
04650,51274,9592
04669,24332,4920
04677,8885,1196
04685,10180,2680
04693,26827,5706
04707,48990,12478
04715,87599,27361
04723,22274,5639
04731,33988,9643
04740,10427,1599
04758,34368,9398
04766,14855,4010
04774,36842,7628
04782,10065,2765
04790,21989,3701
04804,15069,2819
04812,8395,1695
04820,5907,975
04839,185818,42897
04847,4853,1139
04855,25294,4371
04863,20284,4162
04871,23306,4180
04898,17846,5053
04910,27178,5271
04936,54985,10734
04952,50315,10950
04979,27771,5708
04995,11379,2004
05010,38296,8414
05037,23560,4215
05053,48837,12004
05070,16583,3701
05096,73795,17246
05118,8904,1727
05134,21691,4292
05150,38754,11690
05177,22733,5405
05193,25728,5459
05215,10954,2565
05231,33876,6284
05258,19776,4223
05274,7050,2401
05290,48840,9764
05312,20674,3335
05339,24993,7954
05355,238341,46406
05371,6290,1023
05398,25435,5237
05410,16091,3733
05436,23004,3815
05452,42814,12676
05479,15326,2754
05495,11452,2747
05517,41704,8619
05533,22378,4589
05550,12670,3092
05576,22057,5038
05592,52210,12689
05614,75261,19982
05630,40395,9761
05657,45875,12533
05673,65179,17353
05690,14420,3716
05711,37211,10345
05738,30456,9482
05754,29910,7459
05770,19930,4510
05797,21384,6268
05819,23893,4722
05835,183072,39674
05851,17455,4780
05878,22735,5498
05894,19484,5221
05916,28915,7644
05932,6328,1069
05959,24970,7911
05975,30571,7535
05991,12507,3144
06009,3723,644
06017,6853,1385
06025,14174,3582
06033,8267,2013
06041,7331,1351
06050,311678,57749
06068,5033,892
06076,19170,2741
06084,10112,2528
06092,21205,6713
06106,3864,833
06114,6092,1047
06122,10170,2385
06130,28880,7629
06157,83261,13641
06173,10352,2190
07005,12175,3862
07013,7126,1700
07021,19331,5548
07030,18148,4826
07048,22819,7103
07056,19435,5757
07064,13676,3366
07072,5726,1701
07080,5873,1646
07099,8380,2234
07102,8454,2693
07110,27431,6973
07129,14196,2289
07137,18627,3820
07145,5323,1432
07153,14234,2964
07161,7010,1035
07170,34812,10059
07188,10322,2875
07196,24743,6665
07200,5278,1230
07218,9727,1388
07226,9121,2606
07234,66202,12492
07242,12275,3235
07250,14333,4062
07269,21297,6058
07277,64295,13815
07285,11049,2219
07293,15011,3627
07307,7788,2237
07315,60403,13627
07323,6487,1728
07331,45805,7802
07340,41181,8936
07358,4143,931
07366,11842,2936
07374,19201,5047
07382,10306,2854
07390,24300,5059
07404,9146,2245
07412,23033,6313
07420,8002,2524
07439,18829,5783
07447,7699,1874
07455,9680,2528
07463,12437,3175
07471,15628,3589
07480,11580,3065
07498,16478,4642
07501,11946,3100
07510,14252,4126
07528,6218,1195
07536,18838,4943
07544,8937,1567
07552,19067,4926
07560,12740,2268
07579,108421,21468
07595,9404,2639
07609,14943,3496
07617,54727,10304
07625,6595,1855
07633,78474,20255
07641,8235,2476
07650,32118,7368
07668,18142,5247
07676,27176,5794
07684,12197,3671
07692,44763,11674
07706,9885,2054
07714,27550,7836
07722,18439,4650
07730,18490,4557
07749,7149,1962
07757,10099,2689
07765,12527,2575
07773,14163,3112
07781,5060,1366
07790,10111,1971
07803,8486,1941
07811,13081,3624
07820,8802,2681
07838,8880,2578
07846,9696,2399
07854,13776,4163
07862,5985,1032
07870,8679,2501
07889,14696,3786
07897,11821,3465
07900,6432,1751
07919,6383,1590
07927,8218,2099
07935,47376,9001
07943,6362,1316
07951,9575,2391
07960,6155,1524
07978,23768,6165
07986,4439,888
07994,20917,3269
08001,13586,3745
08010,8069,1269
08028,11429,3603
08036,183054,35230
08044,15292,3984
08052,17187,4355
08060,18847,5731
08079,45091,10020
08087,15882,3363
08095,20436,3653
08109,7035,2128
08117,11763,2388
08125,5420,1344
08133,32815,6648
08141,16011,5245
08150,8570,2136
08168,20517,3481
08176,13075,3778
08184,6759,1707
08192,11016,2628
08206,5692,998
08214,8697,2131
08222,8697,2746
08230,6063,1594
08249,11477,2423
08257,13649,4077
08265,6303,1113
08273,14640,2386
08281,8035,1869
08290,18932,3619
08303,11043,3701
08311,25435,6151
08320,8747,2031
08338,15231,2927
08346,13548,3029
08354,11031,2373
08362,6265,1292
08370,19781,4949
08389,9965,2893
08397,7252,1265
08400,4505,860
08419,16618,3894
08427,5562,1617
08435,10088,2388
08443,4783,1212
08451,3935,866
08460,7205,1752
08478,15688,4525
08486,8576,2530
08494,74631,10625
08508,12987,3587
08516,17270,5130
08524,8971,2231
08532,14489,3564
08540,4603,1170
08559,27545,8629
08567,16618,3292
08575,13679,3192
08583,5943,1494
08591,14559,3276
08605,16604,5558
08613,30901,7892
08621,8613,2224
08630,28177,9262
08656,12003,3395
08672,25484,6075
08699,59694,13634
08710,20350,5780
08737,12541,3176
08753,14578,3181
08770,17557,3432
08796,29680,5601
08818,10624,3087
08834,10479,2676
08850,11179,2909
08877,16149,3649
08893,115328,20020
08915,30228,5455
08931,5684,1282
08958,23069,6007
08974,42947,9323
08990,22304,6479
09016,24626,5357
09032,14929,3219
09059,14422,2450
09075,28457,7589
09091,23102,6389
09113,29326,7685
09130,4206,1147
09156,9904,2754
09172,19600,4900
09199,20757,5531
09210,753092,119821
09237,27643,6513
09253,16054,4144
09270,16426,4698
09296,13385,1982
09318,8786,2072
09334,7097,1569
09350,20530,5706
09377,115682,18620
09393,26958,5480
09415,29027,7787
09431,38986,8512
09458,23850,4565
09474,31118,7015
09490,38433,8735
09512,26746,8388
09539,25265,7306
09555,28901,8881
09571,58812,11782
09598,16076,3720
09610,75812,15681
09636,22927,5004
09652,17807,4706
09679,22573,6107
09695,16974,4527
09717,31643,7093
10006,7621,1665
10014,5063,1040
10022,4338,876
10030,15269,2598
10049,9655,1240
10057,12299,1713
10065,6086,958
10073,33683,4532
10081,4968,877
10090,15123,3043
10103,6420,884
10111,6799,1460
10120,9207,1945
10138,6891,1160
10146,4948,624
10154,2938,556
10162,3336,682
10170,5566,1104
10189,5037,541
10197,4186,813
10200,5150,953
10219,9237,1946
10227,6242,1466
10235,36352,7789
10243,4718,607
10251,3491,844
10260,4448,756
10278,5889,1322
10286,4940,531
10294,22266,5723
10308,4295,773
10316,9293,1556
10324,7851,1177
10332,4509,715
10340,4290,651
10359,5162,637
10367,7424,1069
10375,18638,2840
10383,5345,933
10391,16468,2840
10405,3853,901
10413,5209,1070
10421,6776,872
10430,34701,5465
10448,3481,758
10456,15400,3237
10464,4539,1054
10472,10129,2106
10480,3993,578
10499,7952,1418
10502,3961,673
10510,16077,3683
10529,4925,728
10537,21113,3732
10545,8515,1210
10553,4595,750
10561,4914,772
10570,20213,4240
10588,4546,789
10596,5406,1008
10600,3393,731
10618,7709,1488
10626,3379,298
10634,8715,1660
10642,3744,628
10650,12131,2026
10669,6383,1333
10677,6097,687
10685,7071,977
10693,12703,2869
10707,3640,530
10715,3682,790
10723,5001,916
10731,30568,6683
10740,5236,990
10758,4173,932
10766,5146,761
10774,44337,8580
10782,5991,834
10790,4344,978
10804,4185,919
10812,4506,898
10820,8597,1598
10839,7204,1396
10847,4671,796
10855,9351,1677
10863,5793,1218
10871,8080,1604
10880,3569,682
10898,8556,2177
10901,4345,639
10910,4164,671
10928,5424,812
10936,12674,2692
10944,3850,440
10952,7402,1335
10960,3817,467
10979,6107,1028
10987,7092,1394
10995,9376,1570
11010,8845,1879
11037,13378,3137
11053,4612,899
11070,11440,2205
11088,4648,779
11096,33175,4794
11118,4601,1106
11134,25690,4854
11150,19601,3984
11177,4595,864
11193,3985,820
11215,8722,2121
11231,25560,6216
11258,1604,247
11274,10011,1564
11290,6798,936
11312,8953,1895
11339,6540,1360
11355,8180,1414
11371,5131,1108
11398,29703,5606
11410,4171,831
11436,5994,1055
11452,3815,595
11479,4418,723
11495,12302,2203
11517,7223,1546
11533,110601,19176
11550,15907,2601
11576,32776,7815
11592,52734,7720
11614,8856,1623
11630,13896,2260
11657,24193,4668
11673,51575,12655
11690,9122,2129
11711,3407,697
11738,6584,1402
11754,13999,3424
11770,5169,976
11797,5181,1004
11819,5258,667
11835,5052,922
11851,4806,692
11878,5700,817
11894,3338,549
11916,3686,692
11932,5945,1344
11959,4609,886
11975,6598,1350
11991,14935,2678
12009,4950,966
12017,3206,715
12025,3929,761
12033,5793,1048
12041,4215,748
12050,5263,891
12068,3885,460
12076,15631,3957
12084,4387,786
12092,10983,1889
12106,7062,1846
12114,25001,3468
12122,5317,760
12130,11507,2117
12149,5471,1244
12157,9489,1316
12165,4715,793
12173,4173,801
12181,4549,671
12190,589508,89891
12203,4556,910
12211,35684,5585
12220,4494,791
12238,17434,3074
12246,6706,1727
12254,16233,2764
12262,3400,746
12270,3931,865
12289,3784,825
12297,5957,1020
12300,4045,703
12319,5902,809
12327,6077,604
12335,2962,390
12343,3467,601
12351,4331,585
12360,4513,1047
12378,2687,434
12386,3295,512
12394,6186,881
12408,4855,990
12416,5384,833
12424,4384,609
12432,3120,608
12440,6426,1649
12459,5493,1292
12467,5898,1079
12475,5798,1067
12483,2347,469
12491,2706,361
12505,4501,551
12513,6297,960
12521,2417,415
12530,2638,507
12548,2809,330
12556,3329,569
12564,3947,470
12572,6809,1076
12580,4804,710
12599,2014,365
12602,3499,615
12610,2568,468
12629,2659,345
12637,2623,643
12653,1892,320
12661,2482,485
12670,4980,855
12688,5445,844
12696,5403,1023
12700,2910,606
12718,4863,721
12726,11209,1923
12734,3679,354
13005,18202,3320
13013,7206,1288
13021,13795,2383
13030,45411,8686
13048,8364,1622
13056,39393,8421
13064,13404,3864
13072,11742,3079
13080,14282,2137
13099,9674,2060
13102,17374,4167
13110,6220,1083
13129,17606,2341
13137,12772,2789
13145,11555,1529
13153,7305,2076
13161,17164,2537
13170,11996,1773
13188,57647,8681
13196,61463,8631
13200,5692,1330
13218,54771,8077
13226,49855,7436
13234,24012,3467
13242,19312,2556
13250,18153,4975
13269,5750,866
13277,11551,1876
13285,18627,2790
13293,7071,1672
13307,23161,3166
13315,19886,5255
13323,14837,2301
13331,19904,4329
13340,9902,2125
13358,5586,1218
13366,7737,2053
13374,47983,7897
13382,14687,2348
13390,16666,3922
13404,13897,2669
13412,26623,4254
13420,9640,2258
13439,44993,7968
13447,8523,1549
13455,20210,3830
13463,11282,1968
13471,41028,8038
13480,29908,3962
13498,35291,6131
13501,14622,1898
13510,47858,9202
13536,21444,5804
13552,57587,10804
13579,15767,2700
13595,16648,2608
13617,14779,2810
13633,24008,4608
13650,14920,2580
13676,13851,3140
13692,56915,8741
13714,9485,2719
13730,235581,32238
13757,20122,3958
13773,10734,2323
13811,19339,3790
13838,57347,10875
13854,92592,12580
13870,16096,2345
13897,1872200,308855
13919,12614,2074
13935,7510,1447
13951,42341,8145
13978,5795,1350
13994,8945,1452
14010,32737,7264
14036,5881,959
14052,14931,2672
14060,12123,1779
14079,18659,3713
14095,49051,10478
14117,68217,10424
14133,21793,5170
14150,9556,2103
14176,34599,8807
14192,33844,10373
14214,11955,2734
14230,18356,2711
14257,6839,962
14273,37724,5548
14290,93270,13472
14311,15656,2763
14338,18499,4233
14354,15685,3364
14370,8632,1615
14397,28438,5844
14419,27613,4498
14435,21836,5415
14451,6795,1416
14478,184340,29236
14494,19605,4454
14516,23283,5039
14532,45572,6803
14559,79254,10958
14575,21945,3775
14591,9969,1443
14613,31921,6335
14630,34305,6633
14656,12118,1731
14672,21920,4395
14680,11565,1988
14699,29103,5217
14710,31809,7020
14737,15704,4355
14753,54483,8905
14770,7496,1234
14796,17411,3150
14818,13599,4035
14834,8671,1465
14850,12043,2071
14877,25371,6431
14893,23902,6274
14915,18935,5067
14931,51261,6924
14958,51603,6831
14974,10352,1842
14990,6371,1480
15016,8904,1332
15032,9232,1550
15059,31172,5072
15075,28569,8142
15091,9781,1537
15113,33631,7618
15130,7976,1275
15156,31378,4858
15172,15323,4080
15199,11896,2199
15210,10505,2945
15237,13855,2926
15253,7754,1711
15270,58576,9602
15296,60004,12459
15318,17628,2777
15334,23116,3811
15350,16762,4216
15377,56345,8578
15393,13061,3554
15415,25839,4830
15431,13142,2288
15440,14188,3169
15458,33073,5873
15474,36235,7548
15490,45754,6920
15512,6597,1702
15539,11293,1963
15555,21364,4590
15571,6692,1183
15598,148701,22806
15610,14842,3267
15636,25944,5727
15652,22398,5390
15679,47516,11197
15695,55227,8292
15717,45158,7263
15733,25092,4292
15750,6445,1496
15776,17469,2670
15792,10795,1805
15814,31328,6104
15830,45578,8838
15857,169036,20279
15873,33489,6386
15881,14486,3337
15890,21398,3956
15911,18565,2731
15920,12031,1957
15938,16498,2257
15954,31629,6320
15970,11590,2583
15989,7451,1471
15997,25451,3627
16004,5078,829
16012,9204,1789
16020,11229,1493
16039,43398,7629
16047,5176,875
16055,9841,1858
16063,8758,1513
16071,2780,447
16080,6572,1252
16098,11255,2135
16101,3590,823
16110,5125,812
16128,3990,632
16136,11345,2163
16144,3131,438
16152,9839,1662
16160,3066,513
16179,5653,797
16187,3855,926
16195,28897,4134
16209,4042,618
16217,21257,4151
16225,6604,1269
16233,10922,1736
16241,4509,762
16250,8513,1423
16268,9821,1553
16276,7115,1460
16284,4836,819
16292,4628,865
16306,4222,751
16314,4807,762
16330,8693,1643
16357,10055,2101
16373,3660,515
16390,44505,7340
16411,8237,1427
16438,23998,4889
16454,18969,3509
16470,5978,980
16497,8718,1496
16519,56373,9820
16535,9148,2032
16551,4754,1079
16578,4010,760
16594,6773,1316
16616,31641,6370
16632,5886,959
16659,4716,743
16675,4629,776
16691,7534,1514
16713,28001,4286
16730,6660,827
16756,8054,1308
16772,2776,474
16799,2553,392
16810,21044,3771
16837,11878,2005
16853,8755,1195
16870,15244,3109
16896,10965,1888
16918,12576,2245
16934,1996,266
16950,4912,852
16977,6035,1143
16993,5620,801
17019,4337,744
17035,7496,1293
17051,5516,1080
17078,2841,380
17094,10485,1613
17116,9961,1498
17132,25411,4103
17159,3139,655
17175,5196,960
17191,15049,2412
17213,4412,584
17230,5673,1063
17256,7351,1409
17272,3191,588
17299,12201,2585
17310,9319,1801
17337,8816,1603
17353,5072,799
17370,3359,469
17396,7423,1618
17418,52315,8949
17434,22330,4882
17450,6692,1031
17477,6871,1257
17493,9268,1554
17515,4067,734
17531,9098,1789
17558,17084,3248
17574,2733,447
17590,183493,33296
17612,585323,117554
17639,21155,3741
17655,26494,5203
17671,4325,761
17698,4215,570
17710,4075,861
17736,4307,646
17752,5057,848
17779,16861,2527
17795,137567,23310
17817,9256,1602
17833,3484,406
17850,9368,1440
17876,20211,3135
17892,4024,681
17914,3215,508
17930,6605,1714
17957,11592,2206
17973,10702,1880
17990,3552,752
18015,11029,1872
18031,6350,938
18058,8340,1530
18074,7879,1482
18090,4791,714
18112,2761,405
18139,3734,610
18155,6209,862
18171,4147,665
18198,3958,718
18210,4000,759
18236,25971,4440
18252,2565,334
18279,11211,2064
18295,17822,2863
18317,3717,634
18333,4221,876
18350,3477,456
18376,72841,11931
18392,5142,717
18414,32602,6226
18430,10201,1885
18457,4321,575
18473,17891,3994
18490,13769,2373
18511,6021,954
18538,7244,1238
18554,9624,2152
18570,5110,906
18597,5473,898
18619,3811,627
18635,5545,1055
18651,6249,1123
18678,6627,1126
18694,6651,1072
18716,4921,920
18732,2782,373
18759,10158,1577
18775,12156,2744
18791,7770,1323
18813,12502,2211
18830,2571,408
18856,26019,4571
18872,8585,1554
18899,11505,1712
18910,4755,674
18937,3747,775
18953,10432,2078
18970,1863,351
18996,3101,572
19003,4367,675
19011,7828,1657
19020,7247,1280
19038,4794,976
19046,5537,1078
19054,22072,4801
19062,6509,1312
19070,15995,3204
19089,7065,1520
19097,11573,2265
19100,5721,1103
19119,18765,3158
19127,4475,724
19135,13896,2231
19143,4500,918
19151,13941,2804
19160,3990,637
19178,8899,2059
19186,4338,797
19194,13651,3280
19208,3195,707
19216,18428,3616
19224,2955,603
19232,6067,1114
19240,4157,573
19259,15644,2814
19267,2929,579
19275,4542,1042
19283,3321,565
19291,7342,1230
19305,4470,852
19313,18062,3724
19321,4128,821
19330,10663,2003
19348,2378,454
19356,5674,748
19364,6248,1616
19372,73208,10496
19380,3839,775
19399,13083,2767
19402,3793,782
19410,6282,1249
19429,3210,623
19437,5285,1260
19445,3201,582
19453,3035,537
19461,6099,940
19470,4488,729
19488,3205,876
19496,7544,1564
19500,3146,716
19518,15008,2638
19526,3907,709
19534,5695,1424
19542,2196,311
19550,4549,978
19569,3798,796
19577,10273,1900
19585,2579,470
19593,5791,903
19607,6011,1343
19615,16327,2593
19623,7498,1279
19631,4861,690
19640,4051,972
19658,50861,10071
19666,2542,563
19674,7722,1533
19682,2883,438
19690,3941,733
19704,1892,300
19712,13806,3206
19720,2149,359
19739,6230,1357
19747,5427,1424
19755,45792,7604
19763,4665,595
19771,5277,869
19780,7427,1275
19798,5956,1069
19801,4941,688
19810,297464,40170
19828,2395,321
19836,2299,488
19844,6848,1087
19852,5299,1263
19860,3991,556
19879,21334,3370
19887,4977,935
19895,14450,2891
19909,2157,367
19917,5523,1032
19925,2980,564
19933,22605,3865
19941,5906,691
19950,5083,687
19968,6948,1132
19976,12120,2778
19984,5501,1171
19992,15899,2402
20001,6643,830
20010,6481,1155
20036,16936,3402
20052,5795,1289
20079,2342,517
20095,7360,1506
20117,3211,752
20133,5606,1410
20150,9045,1914
20176,3552,637
20192,3329,726
20214,24937,4606
20230,10047,2099
20257,2819,453
20273,42570,7038
20290,11233,2092
20311,3094,484
20338,5462,1239
20354,8785,2187
20370,14823,2896
20397,18971,3226
20419,17085,3687
20435,13194,2302
20451,8451,1487
20478,13776,3225
20494,6866,1413
20516,564278,84921
20532,7400,1256
20559,13318,2577
20575,5662,953
20591,9739,1601
20613,7697,1702
20630,4767,1023
20656,7211,1639
20672,20617,3024
20699,4207,730
20710,5817,1243
20737,12412,2361
20753,3746,694
20770,5150,1067
20796,32572,5759
20818,8626,1909
20834,17144,2567
20850,11708,1981
20877,8475,1943
20893,10649,1916
20915,4867,750
20931,3977,944
20958,25744,4575
20974,8896,1412
20990,6583,1236
21016,6819,1118
21032,7982,1702
21059,5515,1602
21075,3376,447
21091,6953,1657
21113,3933,660
21130,2899,409
21156,2647,567
21172,66694,11684
21199,9860,1753
21210,3904,932
21237,5939,895
21253,23686,4337
21270,12641,2657
21296,14775,2495
21318,9894,1516
21334,6929,1520
21350,5258,1015
21377,7683,1513
21393,12023,2157
21415,14034,2499
21431,25005,4924
21458,4018,682
21474,16084,3507
21490,12011,1723
21512,34705,5658
21539,2282,324
21555,14179,2853
21571,7623,1101
21598,18180,2489
21610,3275,716
21636,9673,1868
21652,5559,954
21679,5570,981
21695,11756,1807
21717,4451,946
21733,6228,1522
21750,98333,15698
21776,5549,985
21792,26954,4397
21814,4187,699
21830,3868,658
21857,6593,1162
21873,5302,1391
21890,4325,802
21911,15069,2872
21938,4027,674
21954,4066,397
21970,3456,681
21997,7001,1432
22012,6084,1008
22039,8755,1808
22055,3123,565
22071,36117,5939
22098,8945,1893
22110,10397,1992
22136,3032,581
22152,3175,739
22179,6177,980
22195,4389,1020
22217,21358,4464
22233,11158,1971
22250,46489,7110
22276,13491,2443
22292,7456,1495
22314,10984,2599
22330,11491,2917
22357,11638,2221
22373,7388,1534
22390,11962,1969
22411,6815,1302
22438,2563,335
23000,6109,1147
23019,28492,6047
23027,14319,1946
23035,17235,3461
23043,9131,1595
23051,19648,3196
23060,10448,2648
23078,23263,7585
23086,7742,1449
23094,33200,9110
23108,12396,2269
23116,12690,2761
23124,9792,1805
23132,28694,6608
23140,16310,3395
23159,16655,2835
23167,12147,3078
23175,16866,3340
23183,21214,5115
23191,9369,2425
23205,16119,2305
23213,58679,12488
23221,11749,2444
23230,48885,8633
23248,13335,3748
23256,9800,1464
23264,10742,2424
23272,30830,7335
23280,18260,3607
23299,9650,2012
23302,9942,2922
23310,15095,2932
23329,12428,2929
23337,62290,13364
23353,10493,3058
23370,46442,7226
23396,25323,4706
23418,37495,11305
23434,29807,5870
23450,30366,5894
23477,9041,1659
23493,7817,2067
23515,33601,7177
23531,11275,1987
23558,39785,11638
23574,161074,24168
23590,25903,5693
23612,15990,3101
23639,19970,5278
23655,7438,1162
23671,6577,1300
23698,14852,2543
23710,7435,1555
23736,16987,3479
23752,16072,4304
23779,15894,3620
23795,56127,7878
23817,240717,34470
23833,25512,5874
23850,9923,2398
23876,11035,1808
23892,18867,3432
23914,20791,4980
23930,13851,4151
23957,10883,2464
23973,15315,3540
23990,19620,3829
24015,28504,7146
24031,47332,8032
24058,27572,6295
24074,18367,3814
24090,9945,1858
24112,16229,3645
24139,23829,5004
24155,11951,1718
24171,15305,3561
24198,95598,17032
24210,22599,4072
24236,61021,8694
24252,6727,1099
24279,68850,14636
24295,15924,4885
24317,20772,5421
24333,6910,1463
24350,85790,13109
24376,8841,1826
24392,14263,3220
24414,4062,675
24430,80625,13688
24457,22602,5788
24473,4317,750
24490,19629,4914
24511,17529,3520
24538,12403,3028
24554,14004,3216
24570,479002,90890
24597,14795,3294
24619,25306,6492
24635,13550,3445
24651,12303,2182
24678,12092,2939
24694,18582,3791
24716,11097,2635
24732,12218,3120
24759,29992,5261
24775,44541,7331
24791,19850,4687
24813,10652,2079
24830,9408,3048
24856,11602,2623
24872,48006,7969
24899,25407,4289
24910,298056,39186
24937,20660,5927
24953,12536,2885
24970,50660,13457
24996,40463,8949
25011,6640,2153
25038,22004,6494
25054,10815,2016
25070,18055,3634
25097,25586,4867
25119,46021,9028
25135,228288,32691
25151,19524,4898
25178,50722,12479
25194,25325,5904
25216,231011,39416
25232,10132,2295
25259,19128,2428
25275,11427,2688
25291,17875,6357
25313,1216750,172468
25330,19636,2459
25356,28186,5806
25372,16333,3551
25399,11009,1483
25410,7356,1924
25437,41800,8131
25453,13494,4165
25470,16013,3207
25496,61793,8657
25518,31018,6931
25534,11173,2269
25550,7987,1614
25577,8829,2978
25593,36545,8804
25615,30181,4826
25631,18861,4826
25658,17327,3281
25674,16157,3949
25690,26465,6329
25712,23073,4517
25739,77577,10375
25755,14148,2890
25771,60119,11236
25798,16126,3937
25810,26096,6796
25836,28373,6112
25852,9644,2131
25879,5563,1198
25895,46002,7811
25917,20487,4072
25933,10332,1875
25950,17196,3666
25976,23839,4688
25992,20661,3199
26018,6639,1614
26034,8197,1277
26050,42384,8494
26077,32437,4941
26093,11144,1796
26115,22933,5512
26131,11445,2051
26158,18348,5879
26174,8062,1630
26190,14454,3236
26212,7836,1451
26239,16517,3308
26255,22096,4808
26271,99215,14279
26298,120640,15911
26310,84026,15126
26336,18967,2605
27006,11063,2195
27014,15935,4812
27022,9064,2354
27030,12661,3636
27049,12013,3748
27057,150978,28825
27065,7943,1610
27073,31343,7692
27081,5668,1474
27090,12527,2810
27111,7322,1195
27138,13062,3138
27154,4979,1319
27170,6026,1386
27197,19575,5407
27219,9106,2730
27235,8451,2265
27251,14551,4045
27278,25817,6936
27294,8938,2069
27316,13628,3961
27332,12940,3011
27359,6960,1729
27375,6090,1479
27391,8896,2000
27413,14846,4032
27430,5013,808
27456,40159,9700
27472,39014,9467
27499,9302,2555
27510,17898,3928
27537,3524,948
27553,8681,2226
27570,27387,7097
27596,11369,3032
27618,20103,5658
27634,17553,4036
27650,13271,3814
27677,4908,1181
27693,5684,1271
27715,7169,1451
27731,4981,1064
27758,14325,3449
27774,4469,1169
27790,19815,4853
27812,15094,3162
27839,19048,4231
27855,629586,120136
27871,15240,3880
27898,22521,4954
27910,8130,2174
27936,40917,7776
27952,10337,2200
27979,3536,623
27995,17706,5310
28010,18503,4870
28037,13597,3083
28053,4910,1193
28070,5976,1649
28096,20070,4865
28118,9856,2563
28134,16002,3967
28150,7445,1949
28177,4824,1224
28193,9628,2287
28215,9231,2066
28231,4736,1303
28258,52606,11185
28274,18759,4637
28290,11919,2492
28312,6256,1322
28339,42057,10503
28355,13553,3182
28371,27252,5690
28398,2675,525
28410,18870,4923
28436,10466,2512
28452,20913,5096
28479,7049,1450
28495,16135,3448
28517,10030,2391
28533,62220,11274
28550,5570,1316
28576,6090,1015
28592,32048,6942
28614,8998,2315
28630,6675,1446
28657,17350,4450
28673,21622,6218
28690,23462,6295
28711,42471,9237
28738,7367,1633
28754,25941,6329
28770,12488,2041
28797,5492,1495
28819,14156,3538
28835,18319,4764
28851,46246,11787
28878,20273,4496
28894,19310,3959
28916,9297,2568
28932,30656,9016
29173,33,18
29254,77,30
29262,2248,1269
29270,53,31
29289,1036,454
29297,58,31
29300,24,0
29319,686,261
29327,2241,1053
29335,1063,615
29343,220,111
29351,10879,6379
29360,6340,3372
29378,98,47
29386,12621,5315
29394,78,34
29408,1562,839
29416,37105,23649
29424,11,0
29432,6422,2658
29440,108,53
29459,813,195
29467,11515,4569
29475,3481,2038
29483,152,79
29491,4607,2561
29505,1242,1237
29513,10285,7401
29521,28,0
29530,303,136
29548,808,400
29556,4622,1691
29564,75,75
29572,418,157
29580,70,32
29599,2299,1044
29602,883,533
29610,105,50
29637,200,0
29645,90,25
29653,665,294
29661,11930,4257
29670,235,103
29688,4322,1826
29696,11523,6472
29700,10517,5874
29718,217,144
29742,12177,6202
29750,50,30
29769,6,0
29777,87,56
29785,1016,366
29793,595,402
29807,13775,9559
29815,18,0
29823,17,0
29831,16,0
29840,157,107
29858,48,0
29874,33,16
29882,82,37
29890,119,61
29904,390,172
29912,70,42
29939,20,0
29947,1533,726
29955,45162,24896
29963,4,0
29971,34407,19304
29980,11172,7146
29998,575,329
30007,69834,14752
30015,3299,999
30031,20554,3686
30058,81550,18075
30066,19827,14119
30074,132,46
30082,192,129
30090,665,356
30104,3939,2515
30112,40095,24117
30120,20013,13586
30147,2391,992
30155,9438,3512
30163,221,136
30171,55,41
30180,11836,6687
30198,35578,20498
30201,108,57
30210,102,61
30228,27870,16580
30244,1732,881
30252,1850,689
30260,1320,624
30279,1302,811
30287,22562,12333
30295,18,0
30309,625,249
30317,280,199
30325,116,81
30333,44,37
30341,30014,14985
30350,572,190
30368,103,36
30376,710,399
30392,1005,612
30406,102,49
30414,1419,703
30422,181,126
30430,47,21
30449,12945,8628
30457,10044,4165
30465,777,198
30473,2324,1030
30481,3280,1241
30490,410,196
30503,11678,7575
30511,654,274
30520,142,65
30538,376,160
30546,55,20
30562,10749,6201
30570,607,369
30597,39,21
30600,196,107
30619,2852,2123
30627,28688,15663
30635,17712,8243
30651,380,285
30660,8856,2092
30669,7,0
30678,9111,1906
30686,17,0
30694,5022,1535
30708,34,20
30716,13481,3336
30732,6290,1632
30740,580,267
30759,10946,2283
30767,2912,1467
30775,13725,2443
30783,14038,8923
30791,16311,4436
30805,2943,2485
30813,9814,2288
30821,71,31
30830,24719,5792
30848,695,495
30856,13322,3135
30864,13718,7753
30872,53694,11458
30899,15925,3636
30902,4021,2566
30910,15677,4000
30929,7,0
30937,4492,1072
30953,7422,2498
30961,5516,3694
30970,11822,2390
30988,11,0
30996,19474,4660
31003,5924,1325
31011,2680,448
31038,16723,3277
31054,423647,71257
31070,9370,1914
31097,14074,2224
31119,25157,5230
31135,7228,1535
31151,21507,4561
31194,14823,3022
31216,4356,809
31232,23621,6036
31259,26092,5837
31275,16931,3422
31291,13015,3179
31313,5229,795
31330,14080,3383
31356,7308,1235
31372,4285,629
31399,4035,795
31410,49226,10592
31437,5785,931
31453,13137,2379
31470,2922,572
31496,9177,1701
31518,6041,929
31534,7499,1831
31550,13040,3025
31577,72233,10733
31593,30687,5200
31615,4540,817
31631,28112,5587
31658,14454,3367
31674,11142,2178
31690,77236,12679
31712,22164,4435
31739,6459,1152
31755,3895,760
31771,9965,1673
31798,12872,2599
31810,9387,1590
31836,11876,2305
31852,7181,1329
31879,14090,3310
31895,28131,4515
31917,20871,3615
31933,5724,977
31950,113440,17621
31976,11630,2942
31992,3202,524
32018,7452,1704
32034,5477,978
32050,8338,2000
32077,21568,4994
32093,19120,3899
32115,23452,4567
32131,19722,3733
32158,17291,3082
32174,8103,1627
32190,14389,2458
32212,8615,1862
32239,16838,2859
32255,11444,2889
32298,4124,664
32310,9813,2550
32336,58637,9078
32352,8242,2004
32379,3519,611
32395,3972,759
32417,35443,6186
32433,6671,1258
32450,3522,534
32476,40736,7251
32492,9874,2310
32514,18811,4014
33014,7181,1721
33030,14591,2626
33057,12237,3015
33065,11850,2169
33073,13061,3305
33090,8832,2440
33111,4184,1058
33138,112002,22262
33154,18832,5304
33170,5157,1508
33197,28896,6837
33219,19792,4075
33235,19720,4840
33251,10764,2992
33260,12446,2280
33278,12884,2741
33294,9349,1900
33316,10985,2520
33332,11270,1773
33359,8815,2046
33375,14294,3805
33383,10142,2096
33391,11976,1730
33405,5967,1256
33413,42185,12405
33430,9288,1844
33456,8585,1953
33472,9834,2523
33499,12306,2544
33510,16131,4519
33529,10241,1949
33537,38601,10683
33553,20046,3256
33570,29566,7236
33596,12802,2925
33618,4189,1131
33634,104090,18593
33650,6091,1562
33677,16115,4402
33693,16441,4268
33715,12526,2523
33731,13979,4901
33758,14537,3517
33774,50026,11881
33782,9647,2852
33790,11164,2903
33804,12935,3144
33812,17044,4660
33839,9919,2755
33855,11653,3210
33871,8411,2123
33898,9529,2235
33910,51083,7874
33936,12904,3269
33952,6538,1857
33960,13433,2766
33979,26353,5901
33995,17979,3479
34010,7987,1754
34029,10598,2770
34037,42138,7581
34053,14865,3487
34070,13941,2780
34096,10771,2911
34118,18649,4862
34134,191962,33050
34150,26758,8307
34177,25180,7287
34193,57305,11846
34215,8863,1992
34231,20163,4377
34258,24854,6703
34274,7711,1382
34290,66159,13118
34312,10937,2019
34339,20125,4704
34355,30048,7125
34363,8957,2381
34371,16416,4281
34398,7973,2171
34410,23225,5670
34436,56702,10692
34452,23056,5025
34479,3940,711
34495,41904,8506
34509,7632,1955
34517,13758,2960
34533,9230,2197
34550,26769,6542
34576,14377,3665
34592,16864,4817
34614,15710,3610
34630,17585,3231
34657,15321,3208
34673,54281,10024
34690,26781,5159
34711,19248,4994
34738,15890,4585
34754,4303,850
34770,22294,4619
34797,7337,2136
34819,12413,2797
34835,13862,2509
34851,28117,7254
34878,11926,2940
34894,4368,1207
34916,17792,5521
34932,12555,2951
34959,47442,7289
34975,26602,5716
34991,8039,2011
35017,10519,1741
35033,4395,716
35050,7848,1949
35076,15387,3689
35092,33146,9315
35114,26910,6278
35130,47142,11101
35149,5448,1327
35157,425477,64267
35173,5307,1497
35190,8241,2181
35211,19897,4580
35238,23409,5034
35254,9587,1782
35270,13619,3328
35297,5292,1519
35319,17804,3662
35335,64761,10217
35351,15983,4479
35378,22230,7296
35394,8899,2012
35416,19338,4924
35432,15253,2811
35459,11984,2922
35475,13808,2807
35491,23401,6137
35513,13380,3824
35530,3981,951
35556,13733,3304
35572,7557,1674
35599,15430,3924
35610,11464,2330
35637,15225,2650
35653,21241,4743
35670,5857,948
35696,12246,2170
35700,10093,3277
35718,20201,6433
35734,129210,24711
35750,28053,6845
35777,14119,2702
35793,31690,6895
35815,46611,9721
35831,8575,1801
35858,5378,1248
35874,9158,2470
35890,18569,3514
35912,25601,6095
35939,48529,7800
35947,24238,7500
35955,48752,9378
35971,156617,38873
35998,18557,4530
36013,11410,3174
36030,10231,2648
36056,12089,2881
36072,6116,1630
36080,10847,2506
36099,5512,1440
36110,17648,4673
36137,47506,11983
36153,6646,1848
36170,20015,5505
36196,6317,1684
36218,16403,4991
36234,18318,3520
36250,9365,2757
36277,8088,2216
36293,49685,11103
36315,24918,7049
36331,6749,2093
36358,6509,1559
36374,14397,3660
36382,12871,2785
36390,9651,2455
36412,29995,8270
36439,17346,4784
36455,15527,3032
36471,19659,6059
36498,12025,3197
36510,59396,11497
36536,34547,7780
36552,22032,4422
36579,15200,3270
36595,9161,2658
36617,114776,20902
36633,28966,6316
36650,11556,2833
36676,12157,2628
36692,156647,25700
36706,8727,2241
36714,13576,3024
36730,6812,1480
36757,3905,559
36765,10632,2276
36773,20479,4715
36790,4778,1457
36811,3582,790
36820,6539,1580
36838,8471,2467
36854,157311,33568
36870,8196,1955
36897,9873,2040
36919,35281,7129
36935,10444,3118
36951,13809,4078
36978,34695,9172
36994,6857,1593
37010,7722,1959
37036,14557,3899
37052,13978,3444
37079,7499,1220
37095,12626,2707
37117,22137,5840
37133,34987,7185
37150,15248,4123
37176,7880,2121
37192,10003,3097
37214,42116,9643
37222,9667,2045
37230,19375,4781
37257,21938,5873
37273,9277,2114
37290,11835,2101
37303,8248,2145
37311,44713,12281
37338,7848,1945
37354,26169,5687
37370,9725,2698
37397,9690,1803
37419,30438,9233
37427,11144,2574
37435,16053,4519
37451,7646,1147
37460,9704,2294
37478,23025,5064
37494,18969,4928
37516,22434,4594
37532,9746,2169
37559,13194,3883
37567,7749,1587
37575,6580,1535
37583,6539,1640
37591,21647,5700
37613,32287,9013
37621,8695,2465
37630,20997,6066
37656,17080,4067
37672,7240,1778
37680,13352,2435
37699,17481,3549
37710,7696,1435
37737,17315,4029
37753,24475,5881
37770,22800,4547
37796,7907,2063
37818,87392,22459
37834,6559,1386
37850,10401,2622
37877,17408,4492
37893,28211,6750
37915,12907,2472
37931,15796,3303
37940,6873,1388
37958,9599,3134
37974,14727,3546
37990,6954,1536
38016,19967,4351
38032,38900,10457
38059,28086,5622
38067,14702,4214
38075,106016,24357
38091,9195,3148
38113,24591,6845
38130,11269,1537
38156,11917,4113
38164,22042,5021
38172,20954,5212
38199,22081,5362
38210,32470,7683
38237,12472,2269
38253,20081,5252
38270,27431,4544
38296,24144,5585
38318,12597,3286
38334,41818,7996
38342,8092,1898
38350,12313,2682
38377,11504,2982
38393,9926,3287
38415,30049,7782
38431,7345,1288
38458,25075,6793
38474,14256,2979
38490,1986087,355473
38512,19551,3725
38539,12438,3393
38555,22217,5710
38571,5039,1638
38598,8578,2505
38610,32092,7001
38636,31806,7655
38652,21488,5111
38679,9301,2043
38695,9340,2318
38717,49786,10746
38733,74578,13406
38750,37880,6844
38776,24739,4489
38792,10673,2235
38806,7902,1340
38814,17761,3781
38822,12494,2366
38830,32861,6025
38857,29406,5078
38865,8806,2221
38873,9363,1653
38881,11,0
38890,35161,7285
38903,2,0
38911,15402,2666
38920,5,0
38938,14364,4025
38946,12761,2788
38954,9290,2424
38962,34,26
38970,33299,5308
38989,11,0
38997,7200,1593
39004,238,94
39012,51914,10187
39020,98,52
39039,30841,7931
39047,26593,7040
39055,15290,3992
39063,9970,4107
39071,17664,4122
39080,12580,8193
39098,61588,10352
39102,95,54
39110,10313,1952
39128,2,0
39136,87502,16970
39144,10921,2587
39152,14457,3296
39160,122,41
39179,11024,2969
39187,3,0
39195,17845,3414
39209,115,45
39217,7478,1355
39225,7,0
39233,14301,3239
39241,9,0
39250,11987,3618
39263,4,0
39276,6938,1384
39284,7,0
39292,18904,5282
39306,246,116
39314,11678,2697
39322,72,44
39330,10436,2208
39357,16482,5230
39373,39480,8002
39390,22538,5421
39411,16727,4317
39438,14261,3612
39454,11942,2663
39470,12116,2350
39489,10971,2053
39497,16003,4133
39519,13432,3206
39535,18709,4891
39551,13324,3547
39578,64400,13012
39594,19999,3565
39616,7062,1660
39624,8718,1499
39632,32993,6020
39640,6795,1808
39659,252199,40349
39675,7340,2022
39691,16867,4211
39713,36744,9769
39730,22663,4346
39748,15619,2420
39756,7264,2491
39772,10522,3440
39799,10807,2985
39810,12080,2545
39837,8550,2043
39845,8917,2159
39853,19439,5650
39870,9930,3518
39896,15706,2506
39900,10209,2541
39918,14507,2984
39926,5080,1297
39934,112580,30587
39942,8904,1405
39950,10791,2721
39969,5498,1415
39977,11488,3092
39985,19989,4423
39993,10906,2445
40002,5774,878
40010,5706,1100
40029,6413,1340
40037,18927,4739
40045,11709,2745
40053,11459,2302
40061,4071,1292
40070,3537,876
40088,7664,1564
40096,8599,3004
40100,8043,2323
40118,11852,4098
40126,5245,1370
40134,2379,564
40142,6859,1751
40150,4005,838
40169,6569,1524
40177,15899,4756
40185,5856,1417
40193,10297,3375
40207,8014,1406
40215,19166,5014
40223,5057,1670
40231,5159,1227
40240,8437,2201
40258,2473,546
40266,14062,3989
40274,2981,627
40282,25207,5984
40290,27984,6523
40304,4296,1239
40312,61203,14205
40320,22889,4615
40339,30392,8407
40347,7459,1700
40355,6485,1905
40363,6094,1114
40371,15778,3384
40380,8260,2356
40398,12074,2423
40401,5634,963
40410,10234,2686
40428,6778,1622
40436,4239,833
40444,6964,1857
40452,13078,2779
40460,5943,1693
40479,4381,1276
40487,5439,1388
40495,4629,995
40509,8992,3127
40517,30400,6772
40525,6166,2050
40533,7121,2102
40541,7900,2499
40550,9931,2555
40568,6547,1937
40576,9730,1974
40584,9443,3005
40592,8831,2074
40606,5669,1458
40614,1775,260
40622,5069,956
40630,2350,376
40649,7302,1625
40657,2473,452
40665,5971,1374
40673,27968,9037
40681,23775,5775
40690,89195,20114
40703,4882,1149
40711,2718,518
40720,9127,1834
40738,6798,1449
40746,5187,1411
40754,3219,738
40762,3927,1006
40770,6447,1111
40789,19682,3476
40797,79859,16957
40800,24998,4482
40819,7367,1467
40827,3583,906
40835,32220,6194
40843,5426,1056
40851,11760,2553
40860,10455,2531
40878,2931,613
40886,7720,2303
40894,13839,4190
40908,6088,1767
40916,10796,2096
40924,3430,1191
40932,11334,3657
40940,5636,1797
40959,4304,1326
40967,4242,1319
40975,15487,3292
40983,5579,1169
40991,7113,1538
41009,6482,1906
41017,19068,4590
41025,12398,2415
41033,4539,1297
41041,7772,1694
41050,5262,1112
41068,4049,1427
41076,24716,4948
41084,4530,1681
41092,5512,1200
41106,3092,692
41114,99119,19125
41122,8341,2732
41130,5772,1376
41149,3629,1042
41157,24233,6067
41165,5699,985
41173,17357,3345
41181,4762,1288
41190,7948,1418
41203,5306,1386
41211,3008,561
41220,4440,961
41238,2011672,437533
41246,6438,1455
41254,19792,4930
41262,4968,1795
41270,8004,1470
41289,5335,1396
41297,9055,3216
41300,5267,1431
41319,4279,1186
41327,5760,954
41335,291366,43617
41343,7994,2118
41351,3749,805
41360,4147,954
41378,11624,2672
41386,6507,2242
41394,2461,490
41408,3854,1224
41416,32226,7875
41424,5848,1362
41432,4479,946
41440,3283,671
41459,37149,9054
41467,6518,1209
41475,38801,8793
41483,4336,1348
41491,5892,1257
41505,5419,1584
41513,3527,700
41521,6282,1735
41530,5090,1070
41548,5388,1214
41556,12435,2946
41564,3194,751
41572,8916,1396
41580,3176,892
41599,15501,3887
41602,9468,2374
41610,7064,1499
41629,21338,4569
41637,5022,1432
41645,6561,1441
41653,13284,2915
41661,4302,671
41670,12897,3140
41688,6722,2029
41696,5408,1585
41700,4852,1396
41718,27158,7662
41726,3987,858
41734,4577,1335
41742,8229,2534
41750,4409,1336
41769,4421,1197
41777,12754,3176
41785,5502,1390
41793,32273,6299
41807,4117,1276
41815,8896,2117
41823,3757,1144
41831,8455,3113
41840,4821,916
41858,19030,4872
41866,4401,1082
41874,19475,5162
41882,8856,2340
41890,9583,1980
41904,6167,1714
41912,3528,661
41920,6588,1025
41939,9696,1858
41947,5251,958
41955,2402,525
41963,4798,1418
41971,8714,1691
41980,4254,1399
41998,34189,7267
42005,6363,1718
42013,4140,819
42021,6870,1527
42030,4573,813
42048,3558,849
42056,10964,2450
42064,3510,884
42072,2991,441
42080,5070,1878
42099,18290,4451
42102,4519,1012
42110,21948,5180
42129,3770,654
42137,10256,2445
42145,2892,616
42153,3377,1106
42161,4112,895
42170,12493,2884
42188,4901,935
42196,16832,3625
42200,5945,1942
42218,14721,3753
42226,5342,1088
42234,39892,9626
42242,6258,2033
42250,10099,2333
42269,8345,2264
42277,6362,1401
42285,5948,2239
42293,10465,3115
42307,3787,1171
42315,20717,5062
42323,4239,1449
42331,4319,739
42340,2752,412
42358,8806,2163
42366,5566,1718
42374,4763,888
42382,3966,925
42390,12153,2843
42404,8993,3208
42412,4310,891
42420,3651,833
42439,4457,752
42447,2989,535
42455,29421,7766
42463,3483,922
42471,5714,1531
42480,4201,1051
42498,8143,1521
42501,6554,1467
42510,11501,2605
42528,6916,2042
42536,12475,3050
42544,5075,1325
42552,7836,1829
42560,4778,979
42579,8073,1675
42587,3970,631
42595,14958,5160
42617,3205,559
42633,20394,3236
42650,25273,6381
42676,65032,16765
42692,7984,2209
42714,5085,1069
42730,16553,5342
42757,2405,603
42773,9591,2325
42790,9930,2055
42811,10001,2142
42838,18663,3263
42854,22761,6001
42870,15740,3423
42897,14140,2557
42919,3492,736
42935,3255,599
42951,4034,776
42978,2540,324
42994,3517,849
43010,14326,3868
43036,3688,615
43052,53655,12279
43079,3858,833
43095,18038,4963
43117,1284,341
43133,5977,1776
43150,7350,1526
43176,3612,543
43192,5231,1028
43214,9356,3593
43230,2930,522
43257,5783,1852
43273,4579,913
43290,7468,1585
43311,21770,3877
43338,6326,1039
43354,6834,2053
43370,2821,723
43397,6777,2094
43419,8060,1636
43435,2697,519
43451,19614,4483
43478,4204,907
43494,18090,4807
43516,5111,1091
43532,10382,2400
43559,8612,1282
43575,9324,1683
43591,42137,7025
43613,4227,1266
43630,5418,1021
43656,97138,16018
43672,16853,5062
43699,1923,502
43710,452513,73076
43737,7725,1750
43753,21213,5624
43770,7189,1569
43796,2729,581
43818,20020,5963
43834,7624,1825
43850,24082,5642
43877,81620,19645
43893,7155,1794
43915,2857,507
43931,2942,515
43958,3048,769
43974,4122,869
43990,3524,849
44016,3838,1094
44032,8400,1733
44059,5134,1516
44075,4425,761
44091,8226,1894
44113,5388,1187
44130,3896,721
44156,12960,2904
44172,60043,14117
44199,4990,1267
44210,6720,1392
44237,6182,1610
44253,4463,879
44270,6125,1142
44296,3546,506
44318,37878,9429
44334,3752,761
44350,6934,2034
44377,4519,865
44393,15861,4071
44415,4687,1501
44431,6435,2199
44458,170748,30077
44474,4897,1018
44490,4120,783
44512,4031,1004
44539,4461,993
44555,2873,452
44571,5607,925
44598,7812,1043
44610,5134,1420
44636,11305,3216
44652,5206,1229
44679,2263,706
44695,1980,347
44717,19982,3973
44733,7828,2404
44750,6207,1647
44776,12464,2445
44792,15521,2557
44814,52959,11733
44830,17907,4010
44857,23270,5083
44873,5089,947
44890,9251,1568
44911,2764,606
44938,2932,771
44954,5746,1296
44970,9081,1841
44997,4252,800
45012,37041,8735
45039,3140,771
45055,3193,647
45071,5024,1687
45098,3016,900
45110,5634,1807
45136,11816,3135
45152,2756,818
45179,8657,2474
45195,6637,1346
45217,54800,11748
45233,5839,1367
45250,3297,955
45276,2633,362
45292,7224,2624
45314,4175,1060
45330,19551,5167
45357,5343,1445
45373,6960,2024
45390,10337,2427
45411,41868,11022
45438,4914,1045
45454,5462,1712
45470,4011,979
45497,4874,1742
45519,10568,2668
45535,215941,62624
45551,11922,3589
45578,1642,348
45594,25099,7681
45616,10867,2560
45632,8272,1978
45659,15367,3609
45675,6952,1478
45691,3548,760
45713,5915,1538
45730,38732,8914
45756,6403,1143
45772,6922,1585
45799,7226,1280
45810,5000,1378
45837,5127,929
45853,8550,2344
45870,4983,1089
45896,17187,4535
45918,6558,2089
45934,9110,2029
45950,125613,23958
45977,3325,648
45993,2557,544
46019,31870,6631
46035,8101,1532
46051,6451,1452
46078,5396,876
46094,9824,2051
46116,6358,1241
46132,4877,951
46159,2477,342
46175,20137,5199
46191,5721,1102
46213,6285,1489
46230,15549,4142
46256,180176,41540
46272,3691,987
46299,7762,1456
46310,6096,1104
46337,91094,16413
46353,8151,1883
46370,42901,8339
46396,4578,1066
46418,13692,4324
46434,10865,2038
46450,9285,3217
46477,73287,16512
46493,25662,6400
46515,3637,710
46531,18459,6230
46558,2491,473
46574,9319,2201
46590,11925,2457
46612,12483,2560
46639,9654,2821
46655,16429,4755
46671,10277,2399
46698,17869,3356
46710,8499,2036
46736,10516,2182
46752,71232,14006
46779,5635,976
46795,11263,3514
46817,4954,1203
46833,77091,18652
46850,6023,1275
46876,30125,7479
46892,3752,771
46914,15047,3111
46930,9191,2653
46957,6414,1715
46973,18947,4361
46990,3137,641
47015,52918,12095
47031,50509,15157
47058,3488,566
47074,5985,1138
47090,10352,2651
47112,6648,2149
47139,5812,1176
47155,18163,5746
47171,4251,938
47198,10889,3578
47210,5028,1462
47236,60517,12702
47252,38168,9963
47279,3485,1024
47295,7687,2291
47317,5554,1293
47333,419353,86044
47350,4476,849
47376,9027,1661
47392,12310,4405
47414,6486,1530
47430,36407,7923
47457,3759,1121
47473,10064,1430
47490,14659,2576
47511,49584,9501
47538,14889,2671
47554,16948,3669
47570,3518,709
47597,5582,1056
47619,5817,1613
47635,74499,15365
47651,3323,687
47678,41030,9241
47694,4421,956
47716,14575,3332
47732,4452,811
47759,14842,4061
47775,6001,1567
47791,30235,6556
47813,4329,717
47830,15563,5263
47856,16166,4799
47872,60241,13501
47899,17103,4195
47910,20760,5927
47937,6278,1058
47953,10029,1735
47970,12111,2160
47996,50731,9863
48011,4450,1343
48038,3000,590
48054,4292,907
48070,2916,551
48097,11488,2867
48119,4445,1649
48135,27500,6309
48151,11979,2376
48178,14062,2674
48194,10619,2010
48216,30069,5958
48232,3481,957
48259,3108,702
48275,16184,4632
48291,5227,1513
48313,8795,1993
48330,5557,1731
48356,22359,8450
48372,3292,715
48399,11499,2991
48410,8088,1513
48437,10546,2465
48453,4969,748
48470,6684,1512
48496,2293,687
48518,6950,1498
48534,13064,4112
48550,15459,4266
48577,17531,3722
48593,10976,2461
48615,36381,8319
48631,17280,4550
48658,288433,54812
48674,18576,4023
48690,7297,1838
48712,2852,721
48739,3681,930
48755,5926,1207
48771,78180,15370
48798,21386,4901
48810,18046,4086
48836,2907,1106
48852,29719,9158
48879,4109,869
48895,6537,1249
48917,20948,4986
48933,15051,3555
48950,76347,14662
48976,3669,1062
48992,12637,3094
49018,12885,2447
49034,59483,11013
49050,24848,9775
49077,2265,480
49093,2662,588
49115,33361,6623
49131,2422,411
49158,3313,662
49174,31447,5871
49190,25223,5903
49212,63593,11782
49239,7037,2002
49255,14155,4825
49271,4223,964
49298,6811,1354
49310,1754,357
49336,5352,1190
49352,3943,893
49379,11460,1847
49395,66565,15528
49417,65994,13234
49433,16917,3746
49450,16432,3577
49476,20124,3763
49492,1815,387
49514,13348,2713
49530,7633,1788
49557,2224,317
49573,80615,18474
49590,114390,26190
49611,67715,14771
49638,5176,1039
49654,7745,1683
49670,4306,1310
49697,6220,1729
49719,13549,4507
49735,18536,6268
49751,3263,500
49778,3628,686
49794,2738,475
49816,9502,2082
49832,3146,623
49859,48402,8873
49875,2323,330
49891,3205,668
49913,3660,665
49930,8062,1492
49956,13552,3497
49972,17256,3577
49999,3577,1197
50016,3031,513
50032,3833,882
50059,4085,995
50075,5040,1219
50091,6967,1398
50113,5582,698
50130,4376,996
50156,13867,4104
50172,4649,948
50199,7144,1381
50210,9825,1841
50237,41385,10256
50253,9626,2006
50270,21172,3778
50296,25611,6158
50318,8307,2138
50334,13003,2586
50350,122534,30404
50377,7445,1839
50393,24181,5714
50415,44716,8699
50431,31299,7402
50458,9116,2075
50474,12528,4047
50490,109143,21675
50512,5521,1020
50539,7313,1138
50555,22201,6023
50571,7472,1685
50598,2992,640
50610,5668,1464
50636,4107,1411
50652,2916,627
50679,16419,4444
50695,6983,1341
50717,8128,1228
50733,3292,561
50750,2525,420
50776,13324,2098
50792,18113,4313
50814,7910,1802
50830,9364,1640
50857,13071,4005
50873,4246,626
50890,7831,2157
50911,224164,48070
50938,3308,566
50954,8553,1482
50970,11103,3109
50997,2474,444
51012,4251,1239
51039,5590,1350
51055,4722,903
51071,7267,1578
51098,11074,2987
51110,21495,5789
51136,12373,2822
51152,14218,2932
51179,5285,1137
51195,10837,4395
51217,4691,937
51233,2435,487
51250,6671,1271
51276,3182,568
51292,7446,2613
51314,6877,1960
51330,97838,19885
51357,12675,4353
51373,20028,4614
51390,32462,8416
51411,4958,1369
51438,23800,4590
51454,4437,909
51470,4858,1020
51497,4174,1535
51519,3556,1107
51535,10506,2048
51551,169122,31912
51578,12820,2447
51594,8736,1873
51616,4422,1380
51632,12342,4475
51659,5950,930
51675,3208,522
51691,7403,1690
51713,3365,621
51730,2279,418
51756,3989,855
51772,7699,1911
51799,5658,1335
51810,3757,677
51837,7038,1412
51853,4192,745
51870,3326,722
51896,5046,1334
51918,30943,5990
51934,3289,861
51950,17279,4088
51977,14052,2929
51993,3591,691
52019,3948,888
52035,3924,1585
52051,9328,2919
52078,20332,4210
52094,2127,598
52116,3039,912
52132,38413,8353
52159,4164,900
52175,3580,753
52191,14208,3178
52213,41333,12926
52230,5968,1143
52256,4623,970
52272,4003,604
52299,7089,1386
52310,3952,1456
52337,5238,1219
52353,8719,1723
52370,10462,1359
52396,19242,4738
52418,29120,7908
52434,6245,1284
52450,2995,617
52477,22574,7456
52493,70023,13412
52515,7249,1929
52531,17267,4751
52558,12751,3763
52574,20538,4486
52590,3952,1200
52612,3850,889
52639,3671,704
52655,3341,937
52671,4742,1277
52698,5313,1443
52710,2763,511
52736,34593,7782
52752,6052,935
52779,4253,925
52795,6466,1827
52817,4756,1257
52833,7142,2541
52850,5647,1333
52876,5697,1189
52892,8909,3320
52914,6160,992
52930,50982,12878
52957,1868,519
52973,2073,331
52990,9090,1660
53015,5901,1438
53031,4875,886
53058,5694,1258
53074,5546,1228
53090,5012,1709
53112,2436,450
53139,6810,1541
53155,2225,460
53171,4578,1546
53198,5556,1236
53210,3252,979
53236,8231,1477
53252,6606,1313
53279,1884,397
53295,3681,1352
53317,1097,182
53333,5683,1565
53350,9285,2287
53376,6547,1639
53392,2085,419
53414,17279,5611
53430,172853,32521
53457,2529,301
53473,4875,1057
53490,2989,496
53511,15695,3588
53538,4477,1300
53554,5044,1035
53570,4228,1010
53597,26339,6481
53619,4568,931
53635,1859,354
53651,4754,1062
53678,10738,3230
53694,10536,2184
53716,106397,29176
53732,59677,12503
53759,6924,1243
53775,6246,1854
53791,13421,2639
53813,6374,1418
53830,7194,1643
53856,57063,12543
53872,45139,8897
53899,5480,1624
53910,20217,4737
53937,15812,3589
53953,4578,977
53970,71751,14508
53996,9432,2667
54011,234036,47466
54038,516587,99048
54054,2645,803
54070,63073,15124
54097,8613,1870
54119,2592,647
54135,103144,19883
54151,27026,7286
54178,16194,5171
54194,16627,4056
54216,2468,369
54232,3033,789
54259,89307,18100
54275,60384,12103
54291,3670,534
54313,3291,920
54330,10237,3366
54356,7270,1424
54372,8918,2880
54399,4584,1408
54410,30349,6015
54437,4338,1241
54453,12316,2908
55000,15594,4506
55018,3605,908
55026,5249,866
55034,5877,1318
55042,3857,863
55050,4224,1160
55069,2462,512
56006,7586,1352
56014,25365,6723
56022,10632,2722
56030,23807,5402
56049,11092,2691
56057,12478,2777
56065,6366,1802
56073,22580,3748
56081,7327,1199
56090,6169,1379
56103,13416,2438
56111,72231,16414
56120,31290,6914
56138,8868,1668
56146,10205,2688
56154,23923,5301
56162,9527,1734
56170,33758,9352
56189,20120,5095
56197,10744,2223
56200,6402,1592
56219,7412,1306
56227,12401,2327
56235,141866,29409
56251,272885,54907
56278,29340,6079
56294,92534,20387
56308,8810,2002
56316,23661,6974
56332,10305,2665
56359,4303,849
56375,28563,5051
56391,6143,1309
56413,19257,4971
56430,14178,2957
56456,21754,5320
56472,96485,21731
56499,9692,2066
56502,6965,1227
56510,11328,2150
56537,11672,2722
56553,35373,7255
56570,9441,1958
56596,20760,4717
56618,9954,2204
56626,12813,2608
56634,118586,27465
56650,10942,3401
56677,19531,3461
56693,14911,3805
56715,5068,1144
56731,14357,3282
56758,11026,1951
56774,39636,9823
56790,16135,4798
56812,17988,4148
56839,17009,3761
56855,12248,2421
56871,8668,1324
56898,10045,1981
56910,20158,4595
56936,25528,5941
56952,8634,1660
56979,88221,21414
56995,349886,71393
57010,51440,9397
57037,337357,58662
57053,265334,45028
57070,10421,1723
57096,18408,3533
57118,15328,3533
57134,22438,4922
57150,18537,5330
57916,9217,1550
57932,30217,5273
57959,15708,3164
57975,19033,4394
57991,8583,1848
58009,19111,4177
58017,133082,31316
58025,10842,2050
58033,103882,24954
58041,338464,75083
58050,70414,16068
58068,12104,3140
58076,135878,27910
58084,8658,1881
58092,22337,5134
58106,42161,9159
58114,30316,7139
58122,94256,13896
58130,163996,37985
58149,75198,16413
58157,45683,10334
58165,8100,1321
58173,12309,2539
58181,9704,1717
58190,370040,81197
58203,92235,19315
58211,15972,3376
58220,9803,1880
58238,14716,2962
58246,18076,3584
58254,33804,7907
58262,27037,6207
58270,17816,4034
58289,38772,10364
58297,17190,3505
58300,12835,2758
58319,9980,1932
58327,17705,3366
58335,671564,141808
58343,7351,1411
58351,11065,2061
58360,25408,4820
58378,176155,37751
58386,7135,1267
58394,94549,20237
58408,32760,7564
58416,20213,4304
58424,57909,11992
58432,75385,17626
58440,25859,5738
58459,7369,1679
58467,136171,27547
58475,173974,41472
58491,197331,42108
58513,39317,9942
58530,143856,29476
58556,15755,3497
58572,24004,5330
58599,22633,5259
58610,12827,2880
58637,130852,26188
58653,405914,78326
58670,155071,35596
58696,611431,126247
58718,33888,7111
58734,34429,7910
58750,32614,7515
58777,243868,58471
58793,22940,4878
58815,14431,3796
58831,96623,21778
58858,45253,8965
58874,15709,3614
58890,8587,1968
58912,9011,1968
58939,33230,8053
58955,31896,8135
58971,669781,151117
58998,38241,7588
59013,376911,87253
59030,69271,15359
59056,7743,1439
59072,16594,3646
59099,73477,17206
59110,19575,4705
59137,14510,3200
59153,129536,29513
59170,8733,1607
59196,63070,13681
59218,57723,15039
59234,30781,7424
59250,225820,46133
59277,32951,8718
59293,11702,2875
59315,23302,5072
59331,16974,4026
60011,5002848,1210401
61000,7114,2310
61018,27635,6993
61026,2222,480
61034,4298,1069
61042,11706,2376
61050,24068,5861
61069,3577,776
61077,6322,1480
61085,4573,1433
61093,14900,3314
61107,5901,1399
61115,3972,838
61123,1626,329
61131,30494,7180
61140,3530,883
61158,4047,887
61166,15322,5018
61174,3194,775
61182,2375,469
61190,12382,2497
61204,21606,6396
61212,3642,852
61220,14510,3046
61239,3800,925
61247,2779,561
61255,19226,4457
61263,17247,4137
61271,3008,746
61280,48181,12092
61298,2717,646
61301,2946,635
61310,180462,36017
61328,7001,1349
61336,28575,6027
61344,3907,712
61352,4938,909
61360,4797,1159
61379,57379,13571
61387,2725,581
61395,4540,1308
61409,3670,736
61417,45531,10947
61425,2037,542
61433,18371,4575
61441,6863,1202
61450,5905,1872
61468,4636,1136
61476,3398,739
61484,24122,6916
61492,28542,5791
61506,4950,1074
61514,3998,970
61522,1894,398
61530,20466,5810
61549,6933,1961
61557,153847,35052
61565,13083,2746
61573,24769,4765
61581,4929,976
61590,4608,1096
61603,3089,874
61611,5810,1357
61620,5506,1281
61638,181462,43661
61646,2479,605
61654,101577,21335
61662,9436,1827
61670,6381,1454
61689,14927,3392
61697,3257,584
61700,6704,1501
61719,8556,1801
61727,165599,32696
61735,6959,1541
61743,12272,2115
61751,38409,7211
61760,2726,506
61778,71032,14199
61786,3335,740
61794,73871,18108
61808,3289,814
61816,120132,26959
61824,2728,573
61832,10943,2133
61840,5031,1136
61859,4141,1003
61867,2770,604
61875,7905,1858
61883,1720,367
61891,68651,17616
61905,12457,3078
61913,14324,2950
61921,2459,556
61930,1532,399
61948,3328,734
61956,7480,1480
61964,1782,395
61972,8775,2105
61980,7129,1588
61999,5259,1239
62006,12786,4108
62014,2786,688
62022,1954,480
62030,25217,6398
62049,2586,654
62057,30101,6616
62065,2249,523
62073,7233,2650
62081,2572,544
62090,90889,24742
62103,3935,845
62111,24531,5010
62120,1354,252
62138,279689,54363
62146,4899,1230
62154,18084,4437
62162,3805,981
62170,44988,10607
62189,2189,547
62197,280644,63963
62200,1717,310
62219,59974,15052
62227,1627,293
62235,2160,464
62243,4378,952
62251,8450,2061
62260,2298,495
62278,6407,1435
62286,1586,384
62294,89200,19881
62308,4125,876
62316,23966,5157
62324,2434,559
62332,10485,2341
62340,2337,575
62359,9128,2005
62367,1283,269
62375,8598,2437
62383,7498,1557
62391,46399,10925
62405,1907,433
62413,18377,3940
62421,1880,356
62430,1039,192
62448,1585,306
62456,3989,872
62472,11540,2809
62499,107523,20193
62510,135539,29803
62553,4272,830
62570,18148,4006
62596,18919,5070
62618,15827,3952
62634,13663,3576
62650,3820,815
62677,3392,736
62693,35420,7420
62715,74797,16017
62731,25478,6149
62758,14573,3938
62774,13214,3397
62790,3315,557
62812,70844,13900
62839,3939,995
62855,67967,13722
62871,7842,1804
62898,19306,4854
62910,881377,193108
62936,61518,13212
62952,39846,10382
62979,3795,900
62995,9926,2224
63010,24697,6050
63037,2573,568
63053,36479,8975
63070,14894,3313
63096,39229,8491
63118,105485,24670
63134,300528,65200
63150,10218,3097
63177,20835,5553
63193,2813,769
63215,15730,3753
63231,87973,18613
63258,5823,1093
63274,7697,1583
63290,16032,4483
63312,36775,8218
63339,13963,3388
63355,13297,2885
63371,8771,1454
63398,5522,1170
63410,15008,3837
63436,5830,1552
63452,22058,4354
63479,13757,3976
63495,19833,4081
63517,4180,844
63533,3831,690
63550,3516,758
63576,46420,10581
63592,7127,1544
63614,185153,35633
63630,27315,6633
63657,7453,1678
63673,2013,353
63690,60201,13767
63711,94224,19866
63738,17420,3367
63754,25197,5791
63770,339282,67053
63797,9523,1770
63819,6536,1365
63835,19951,5507
63851,2182,444
63878,7314,1751
63894,35295,8742
63916,10505,2600
63932,7142,1393
63959,5289,1267
63975,11780,3559
63991,14084,2990
64017,199646,34923
64033,56345,14329
64050,7304,1762
64076,2563,553
64092,13240,3265
64114,54223,14272
64130,5091,1115
64157,133756,26879
64173,1582,437
64190,2658,519
64211,8064,1904
64238,2704,574
64254,247641,52885
64270,131241,29609
64297,105107,22411
64319,2552,457
64335,5261,1345
64351,35475,8996
64378,2863,537
64394,8369,1948
64416,8071,2536
64432,3869,885
64459,8688,2269
64475,4721,1151
64491,30900,9749
64513,15549,3409
64530,15058,4115
64556,14114,2605
64572,6646,1596
64599,8551,2116
64610,1631,285
64637,5176,1279
64653,23376,4648
64670,25643,5445
64696,95487,20351
64718,9533,1979
64734,29548,6637
64750,236111,47746
64777,928653,148556
64793,3547,773
64815,7222,1716
64831,8592,1861
64858,5129,1186
64874,26294,6028
64890,9335,2101
64912,5241,1134
64939,44182,10468
64955,63362,15581
64971,6323,1482
64998,6338,1378
65013,18740,3976
65030,21417,6133
65056,9095,2095
65072,23676,6962
65099,29356,6851
65110,189139,38109
65137,3937,634
65153,2989,515
65170,3031,528
65196,10747,2419
65218,21405,4860
65234,5646,1255
65250,3438,1009
65277,11489,2422
65293,18048,3193
65315,5690,1509
65331,5028,1297
65358,14312,3175
65374,17507,4155
65390,12706,2827
65412,3174,810
65439,84735,23762
65455,123805,25855
65471,117925,26550
65498,71937,17354
65510,164056,33464
65536,57417,13084
65552,31352,8198
65579,11620,3110
65595,10185,2316
65617,3778,1150
65633,251441,51931
65650,36467,10053
65676,9764,2794
65692,85610,17641
65714,13875,2906
65730,10159,2256
65757,5088,1258
65773,6293,1373
65790,127155,27927
65811,45119,9297
65838,29972,8226
65854,5223,1022
65870,55023,14373
65897,176928,37942
65919,5765,1271
65935,13562,3980
65951,44927,9740
65978,38429,9000
65994,4961,1010
66010,81071,16641
66036,30537,8070
66052,26388,6521
66079,105000,22620
66095,3041,554
66117,9958,2193
66133,3437,705
66150,28351,6717
66176,3791,776
66192,331825,64026
66214,13887,3075
66230,17109,5724
66257,23898,5745
66273,5295,1080
66290,22067,5442
66311,3954,896
66338,6283,1222
66354,75657,16880
66370,51350,10603
66397,230581,47826
66419,5912,1239
66435,57956,14999
66451,64985,14664
66478,37266,6600
66494,13547,3115
66516,2126,433
66532,10202,2506
66559,3919,888
66575,3468,793
66591,2455,527
66613,13268,2685
66630,6157,1271
66656,3601,758
66672,2659,477
66699,40227,8977
66710,65763,14214
66737,7445,1686
66753,3097,774
66770,10916,2299
66796,3060,654
66818,181995,42273
66834,1798,371
66850,17919,3519
66877,66198,13976
66893,315813,61757
66915,5041,1139
66931,3643,678
66958,14751,3074
66974,9347,2154
66990,16726,5266
67016,2755,676
67032,19999,5667
67059,13228,3309
67075,45077,10058
67091,4084,845
67113,53324,14603
67130,333165,69806
67156,120178,26022
67172,71204,15819
67199,3246,681
67210,2043,430
67237,49835,14551
67253,6585,1412
67270,38209,9517
67296,17828,4265
67318,14198,2794
67334,3488,684
67350,3959,888
67377,47441,11124
67393,21173,4983
67415,10761,2125
67431,3492,763
67458,4462,912
67474,5995,1656
67490,15044,3577
67512,7684,1745
67539,7758,1604
67555,3948,974
67571,5211,1068
67598,7777,1777
67610,15934,3936
67636,1985,482
67652,3249,640
67679,2672,491
67695,47848,9573
67717,30229,7623
67733,5941,1271
67750,3292,606
67776,2541,614
67792,43512,10737
67814,4138,865
67830,5017,861
67857,5007,1070
67873,31689,7697
67890,588524,121907
67911,2519,583
67938,24692,6559
67954,80867,19543
67970,6147,1429
67997,8617,2413
68012,9193,2256
68039,7852,1504
68055,7937,2165
68071,17259,4236
68098,10774,2462
68110,32522,8452
68136,14261,3413
68152,4507,725
68179,14259,3301
68195,3425,593
68217,8260,2038
68233,5720,1290
68250,15599,4054
68276,10841,2640
68292,5949,1411
68314,84110,16813
68330,6424,1681
68357,34557,7671
68373,5212,1213
68390,2332,416
68411,11865,2269
68438,35307,8013
68454,8427,2733
68470,47386,12048
68497,20476,5847
68519,6833,1767
68535,61567,18150
68551,4678,1004
68578,43430,11166
68594,23375,5540
68616,122439,26743
68632,11407,2707
68659,33750,8812
68675,11742,2921
68691,2966,579
68713,10064,2115
68730,22616,5214
68756,308006,67918
68772,23939,6328
68799,16222,4250
68810,8538,1979
68837,13266,2535
68853,21167,5264
68870,59126,14079
68896,9596,1823
68918,26820,6526
68934,4144,992
68950,2712,601
68977,94810,19311
68993,4542,1065
69019,16834,3682
69035,3067,679
69051,29983,6302
69078,2364,587
69094,3773,850
69116,7420,1879
69132,42572,9920
69159,42475,10056
69175,13674,2768
69191,13883,2870
69213,249419,59360
69230,3451,782
69256,11206,3041
69272,32006,9280
69299,181282,46151
69310,28920,7579
69337,28436,7911
69353,10124,2128
69370,3288,862
69396,7172,1477
69418,5470,1195
69434,7412,1430
69450,24482,6375
69477,4236,1092
69493,15241,2816
69515,4977,1161
69531,48243,12940
69558,6736,1561
69574,3027,694
69590,9210,2549
69612,15076,3745
69639,4288,1020
69655,3804,624
69671,90818,18862
69698,469562,106964
69710,4636,1076
69736,4506,1092
69752,7697,1846
69779,7700,1862
69795,156616,34162
69817,25076,4842
69833,35718,7483
69850,7319,1721
69876,8564,1638
69892,2282,409
69914,3266,830
69930,4609,1280
69957,2094,474
69973,5140,1212
69990,8322,1547
70017,15403,3437
70033,4043,940
70050,97010,20205
70076,30702,6260
70092,6364,1179
70114,3495,872
70130,11753,2963
70157,5212,1135
70173,146265,29624
70190,5357,1458
70211,12356,3019
70238,2376,576
70254,4076,846
70270,21218,4282
70297,35845,9119
70319,5013,899
70335,27029,6980
70351,18853,3587
70378,43162,9283
70394,6813,1461
70416,4309,1002
70432,2743,768
70459,1595,373
70475,100571,18702
70491,2482,579
70513,19995,4500
70530,19797,5225
70556,15266,3308
70572,583180,121592
70599,5366,978
70610,17066,3674
70637,5441,1328
70653,6380,1433
70670,2761,611
70696,3241,697
70718,353658,80224
70734,9533,2219
70750,639874,122826
70777,146344,27034
70793,195107,43571
70815,2527,620
70831,71386,16572
70858,2273,491
70874,2021,402
70890,38026,9171
70912,6950,1901
70939,3797,849
70955,42621,11189
70971,345936,77045
70998,558868,111533
71013,9970,1976
71030,31089,7048
71056,25654,6088
71072,9320706,1981174
71099,27195,6544
71110,5735,1271
71137,63506,15353
71153,66365,15089
71170,8531,1837
71196,12089,2960
71218,259151,57843
71234,7602,1588
71250,3168,712
71277,3019,639
71293,7948,1960
71315,34745,7888
71331,23362,5817
71358,96930,21480
71374,11283,3494
71390,12276,2660
71412,5406,1185
71439,31323,7305
71455,515096,93037
71471,6307,1480
71498,198749,42505
71510,228799,45223
71536,9265,1960
71552,11613,2785
71579,223824,45185
71595,4941,790
71617,9229,1939
71633,4819,1145
71650,4752,1161
71676,15922,3272
71692,20631,4679
71714,6538,1938
71730,10468,2525
71757,40729,10636
71773,17365,3302
71790,5602,1359
71811,92492,23437
71838,239069,52916
71854,3745,932
71870,18314,5081
71897,6049,1001
71919,30729,7088
71935,2411,559
71951,7367,1668
71978,30323,6612
71994,5142,1339
72010,50476,13046
72036,11448,2730
72052,1685,397
72079,1868,440
72095,75891,19766
72117,4189,1018
72133,8079,1679
72150,1614,382
72176,6889,1400
72192,1509,320
72214,11166,2794
72230,10223,2210
72257,96227,20924
72273,16852,4471
72311,32076,7700
72338,83453,15441
72354,7774,1396
72370,62933,12385
72397,12907,2179
72419,6135,1377
72435,90779,17579
72451,72557,17167
72737,40794,8049
73008,2339,440
73016,2189,388
73024,3605,694
73032,4105,802
73040,4080,739
73059,3181,583
73067,1853,398
73075,2681,557
73083,3759,653
73091,6082,986
73105,1593,318
73113,2992,526
73121,3208,553
73130,2510,473
73148,2047,417
73156,3342,627
73164,1931,519
73172,2127,418
73180,7793,1130
73199,3061,618
73202,3244,560
73210,1813,275
73229,2831,482
73237,1840,412
73245,1804,287
73253,2040,318
73261,3391,682
73270,1952,350
73288,4506,887
73296,6013,1271
73300,3499,665
73318,3565,676
73326,2331,420
73334,4435,800
73342,2647,438
73350,5150,960
73369,2815,581
73377,1618,255
73385,8512,1702
73393,2358,595
73407,3275,690
73415,2502,467
73423,3062,630
73431,2040,482
73440,199700,34010
73458,1886,346
73466,1586,367
73474,2195,389
73482,2766,538
73504,2556,576
73512,3752,688
73520,2447,381
73539,2051,331
73547,2021,346
73555,1599,275
73563,2374,437
73571,2049,381
73580,2636,411
73598,1690,233
73601,1768,337
73610,3599,689
74004,2734,585
74012,5940,1383
74020,5186,1232
74039,5449,1278
74047,4973,977
74055,8005,1367
74063,4939,887
74071,75146,15154
74080,9419,1838
74098,10838,2537
74101,2697,505
74110,7395,1659
74128,2642,413
74136,7034,1422
74144,2274,289
74152,3953,703
74160,2989,482
74179,14917,2720
74187,3079,555
74195,16516,3647
74209,4061,780
74217,15463,3586
74225,11621,2244
74233,6659,1263
74241,3618,634
74250,94488,19100
74268,3240,750
74276,82597,15476
74284,3593,500
74292,19325,4316
74306,2747,467
74314,11237,2241
74322,83570,18124
74330,7238,1452
74349,4476,733
74357,105019,18979
74365,4285,741
74373,12511,2755
74381,2005,347
74390,20828,4768
74403,2385,494
74411,3560,622
74420,2795,394
74438,11578,2016
74446,20189,2871
74454,25023,5528
74462,5698,1187
74470,8874,2172
74489,3526,848
74497,7535,1475
74500,5101,840
74519,2621,450
74527,3278,669
74535,12524,2613
74543,7337,1397
74551,12089,2037
74560,4782,678
74578,3826,687
74586,7993,1544
74594,9710,2124
74608,3600,747
74616,5246,951
74624,4431,673
74632,6640,1352
74640,2212,273
74659,2181,306
74667,2600,537
74675,6869,1188
74683,3796,517
74691,18103,4027
74705,3597,845
74713,74074,14065
74721,2420,531
74730,6148,1027
74748,11038,2015
74756,12292,2817
74764,3306,691
74772,33375,6314
74780,3618,686
74799,6101,980
74802,8787,2303
74810,91175,16264
74829,2710,518
74837,68917,13136
74845,1970,354
74853,11639,2420
74861,5042,1033
74870,15850,3500
74888,5266,1109
74896,12365,2983
74900,7286,1152
74918,11903,2737
74926,2990,721
74934,234299,43649
74942,4873,880
74950,54403,9752
74969,3492,579
74977,7433,1866
74985,4636,1004
74993,8624,1812
75000,9318,1646
75019,13220,2658
75027,4657,652
75035,16652,3115
75043,94844,17534
75051,57792,12172
75060,5235,954
75078,9289,2237
75086,2324,402
75094,13106,2868
75108,3209,571
75116,13444,2546
75124,2959,471
75132,156182,28954
75140,5042,857
75159,19288,4471
75167,3492,517
75175,6576,1416
75183,3644,782
75191,2980,590
75205,20094,3528
75213,12822,2126
75221,16435,2695
75230,14334,2933
75248,5081,1084
75256,35481,7042
75264,2832,660
75272,17412,3136
75280,3583,773
75299,17314,4295
75302,2039,428
75310,3998,821
75329,4375,1056
75337,13616,2368
75345,5350,848
75353,1416706,262397
75361,4366,987
75370,10792,2604
75388,5326,1056
75396,4556,1085
75400,3805,802
75418,32629,5915
75426,6469,910
75434,5112,972
75442,8337,1399
75450,5434,972
75469,2965,497
75477,10827,2492
75485,3727,598
75493,12654,2953
75507,5372,1062
75515,4083,949
75523,21262,5107
75531,4437,691
75540,3109,501
75558,6963,1253
75566,3142,554
75574,9267,1441
75582,3655,769
75590,2300,313
75604,5381,1200
75612,6336,1433
75620,3582,908
75639,198888,37693
75647,4381,730
75655,68476,13091
75663,8370,1860
75671,8622,1940
75698,22583,5437
75710,23485,5081
75736,5141,1006
75744,4947,1335
75752,3731,682
75760,5753,1080
75779,1981,399
75787,2813,429
75795,4219,747
75809,5762,1205
75817,11226,2399
75833,132448,24985
75850,6933,1528
75876,28533,6579
75892,21622,5014
75914,39836,8541
75930,7249,1694
75957,3912,780
75973,23269,3851
75990,8144,1376
76015,2349,420
76031,11156,1630
76058,11950,2536
76074,45670,7867
76090,7978,1847
76112,3590,821
76139,5122,1266
76155,5213,1004
76171,9227,1780
76198,3046,829
76210,10271,1458
76236,25488,5734
76252,2792,710
76279,4205,744
76295,29832,6234
76317,10577,2295
76333,25634,4884
76350,16355,2836
76376,4978,1134
76392,3723,766
76414,7195,1299
76430,9652,2283
76457,1232,180
76473,9455,1929
76490,9227,1935
76511,2676,617
76538,5510,1054
76554,3807,599
76570,36392,6150
76597,24223,4647
76619,3389,622
76635,15039,2657
76651,3789,634
76678,394766,76394
76694,3940,727
76716,10665,1844
76732,10819,2015
76759,19465,4498
76775,28076,5732
76791,18932,3461
76813,10592,1850
76830,41229,8132
76856,4726,841
76872,30261,6816
76899,8161,1924
76910,295661,58749
76937,5262,875
76953,11491,1987
76970,3702,495
76996,13890,3194
77011,38584,8380
77038,2169,485
77054,1755,216
77070,9750,2154
77097,13744,2807
77119,3370,585
77135,3062,524
77151,1444,231
77178,3096,447
77194,5894,1141
77216,20990,5115
77232,6385,1604
77259,10592,3005
77275,19007,4501
77291,2856,534
77313,29015,5970
77330,32159,8081
77356,26573,4330
77372,10869,2375
77399,24958,4998
77410,9958,2008
77437,7875,1881
77453,105449,19874
77470,2081,318
77496,63940,13082
77518,65096,13330
77534,4506,783
77550,5528,813
77577,10574,2431
77593,5381,1002
77615,10004,1245
77631,5497,1046
77658,23747,5629
77674,18825,3665
77690,69458,14222
77712,27151,6229
77739,3195,510
77755,10664,2159
77771,252530,45549
77798,9798,2147
77810,3777,685
77836,2558,403
77852,3151,602
77879,4024,869
77895,8770,1705
77917,38743,7055
77933,6660,1287
77950,16711,2848
77976,7855,1307
77992,4366,943
78018,13474,1993
78034,3122,596
78050,14781,3208
78077,11915,1811
78093,5259,876
78115,20500,4835
78131,9774,2311
78158,10427,2461
78174,10882,1396
78190,2969,554
78212,26383,4383
78239,23887,4510
78255,49226,10102
78271,8677,1682
78298,7421,1548
78310,6059,985
78336,3560,568
78352,4289,840
78379,11164,1996
78395,3043,602
78417,3071,602
78433,6418,1043
78450,8937,1753
78476,1702,272
78492,6919,1374
78514,9179,1771
78530,9481,2198
78557,4476,910
78573,14976,2588
78590,32605,6875
78611,2341,484
78638,2110,338
78654,4549,725
78670,5369,1019
78697,8437,1998
78719,8977,1487
78735,4856,1075
78751,9026,2064
78778,11254,1716
78794,4792,953
78816,7865,1087
78832,4612,893
78859,212218,39688
78875,33748,5808
78891,22729,5030
78913,6989,1418
78930,2417,398
78956,6730,1377
78972,4596,827
78999,5368,1205
79014,13633,2887
79030,4772,816
79057,13107,2475
79073,15979,3461
79090,4082,798
79111,12371,2950
79138,7840,1362
79154,50721,8712
79170,13310,2647
79197,11948,2736
79219,13435,2558
79235,14514,3007
79251,11972,2086
79278,104683,18844
79294,6473,1289
79316,6919,1687
79332,19537,4303
79359,81317,17127
79375,40367,8495
79391,2123,337
79413,8586,1555
79430,14679,3338
79456,7021,1075
79472,5720,1226
79499,5219,988
79510,14789,3270
79537,27782,5996
79553,24614,6152
79570,9008,1823
79596,5214,1367
79618,3823,757
79634,32119,8826
79650,10112,1863
79677,4893,967
79693,9318,2078
79715,21259,4143
79731,4750,990
79758,6156,1571
79774,6051,1360
79790,6897,970
79812,7007,1574
79839,4606,994
79855,13274,2537
79871,9174,1686
79898,6926,1535
79910,4627,720
79936,5988,831
79952,8611,1477
79979,7525,1530
79995,5136,1003
80004,7150,1545
80012,12788,3095
80020,7272,1079
80039,8001,1212
80047,3636,638
80055,4339,610
80063,8190,1507
80071,5446,1014
80080,3009,516
80098,4758,866
80101,4293,784
80110,6051,747
80128,4470,827
80136,7658,934
80144,2469,343
80152,4952,751
80160,2357,376
80179,4978,587
80187,3666,557
80195,7460,1689
80209,5726,1316
80217,3143,424
80225,2503,369
80233,8327,1038
80241,7420,1283
80250,23903,5366
80268,2580,399
80276,52829,10884
80284,2814,370
80292,6536,928
80306,14340,2886
80314,3173,502
80322,3942,512
80330,6347,1199
80349,6569,1087
80357,2896,385
80365,2319,360
80373,5108,663
80381,3209,582
80390,104708,21779
80403,7272,1456
80411,26941,7160
80420,3086,365
80438,8241,1430
80446,2422,280
80454,52989,9908
80462,2574,536
80470,263100,45809
80489,3837,634
80497,6485,1140
80500,2493,312
80519,4314,486
80527,5843,859
80535,24776,4243
80543,2756,387
80551,94774,15130
80560,4080,728
80578,53680,11992
80586,1469,161
80594,4917,796
80608,2309,411
80616,56899,12133
80624,3326,609
80632,9797,1810
80640,5123,737
80659,5974,1093
80667,3202,764
80675,7224,1421
80683,10844,2741
80691,26646,5723
80705,3715,765
80713,9201,1660
80721,2263,296
80730,42831,9071
80748,2404,419
80756,17180,3054
80764,2468,308
80772,8208,1380
80780,1716,295
80799,4364,649
80802,2445,325
80810,160241,28536
80829,5563,987
80837,59510,10818
80845,2012,354
80853,8147,1249
80861,2046,305
80870,11460,1475
80888,2403,388
80896,153034,30921
80900,1770,286
80918,8544,992
80926,2613,598
80934,31412,7386
80942,3495,788
80950,7016,1081
80969,4056,741
80977,11651,2934
80985,16879,3371
80993,3222,522
81000,8437,1479
81019,3963,678
81027,17719,3249
81035,8853,1428
81043,4009,579
81051,403556,72130
81060,20780,3293
81078,27883,6387
81086,2785,481
81094,2711,399
81108,1967,252
81116,14661,2363
81124,3745,666
81132,21215,3813
81140,1602,161
81159,11743,2069
81167,2207,238
81175,49313,9367
81183,4138,547
81191,5599,767
81205,1442,182
81213,8987,1454
81221,5115,859
81230,16014,1899
81248,2923,548
81256,9043,1421
81264,2498,484
81272,32136,6147
81280,3127,493
81299,4005,748
81302,1845,319
81310,16818,3264
81329,2272,429
81337,2984,509
81345,3991,738
81353,15207,3355
81361,2766,417
81370,42201,8204
81388,2501,429
81396,11345,2190
81400,1825,262
81418,9540,1823
81426,2973,529
81434,39438,9218
81442,1936,343
81450,4901,597
81469,1888,249
81477,48460,10103
81485,2458,360
81493,3840,648
81507,2453,523
81515,6043,976
81523,3285,611
81531,7513,1218
81540,2136,242
81558,8020,1419
81566,2839,483
81574,5998,1058
81582,2893,508
81590,16989,3495
81604,1731,286
81612,165962,28832
81620,1761,207
81639,50348,10903
81647,2559,429
81655,12338,2126
81663,17514,3830
81671,19049,3069
81680,1997,322
81698,3800,518
81701,2564,300
81710,9100,1615
81728,11543,2876
81736,15180,2946
81744,10501,2484
81752,122958,17148
81760,1843,361
81779,22534,4288
81787,2771,455
81795,430270,71899
81809,5008,706
81817,2023,308
81825,2995,478
81833,126263,26047
81850,35848,7393
81876,5979,872
81892,12278,2085
81914,8895,2093
81930,3179,442
81957,8996,1646
81973,9927,1453
81990,41447,6633
82015,3109,591
82031,5905,1020
82058,20259,3727
82066,2002,206
82074,13028,1983
82090,2462,568
82112,6048,953
82139,3391,470
82155,7679,1352
82171,7159,1555
82198,13470,2344
82210,60955,15097
82236,3860,526
82252,10755,1666
82279,12189,1891
82295,19160,3517
82317,5814,957
82333,141010,26258
82350,5713,1198
82376,12206,2151
82392,14302,2106
82414,6610,990
82430,4152,763
82457,22145,4457
82473,2740,381
82490,5393,692
82511,18440,4028
82538,15042,2122
82554,2794,427
82570,5070,731
82597,25907,4702
82619,4146,854
82635,7950,1427
82651,16774,3869
82678,25715,5866
82694,11808,2062
82716,6349,1045
82732,1626,223
82759,13599,2351
82775,2195,410
82791,8176,1170
82813,3139,425
82830,5294,1040
82856,5282,763
82872,5979,912
82899,8797,1528
82910,51291,10256
82937,4343,418
82953,32147,7064
82970,9777,1773
82996,3926,526
83011,6054,989
83038,3460,551
83054,13009,3478
83070,1978,272
83097,19039,2790
83119,63015,11810
83135,2775,378
83151,8248,1223
83178,7261,1057
83194,39548,9542
83216,22748,4634
83232,6682,996
83259,19306,4150
83275,187585,33549
83291,11343,2097
83313,7440,1200
83330,19115,3775
83356,9198,1336
83372,3234,398
83399,31771,6403
83410,7513,863
83437,13813,2271
83453,14522,2657
83470,11088,2360
83496,22659,4560
83518,14512,2536
83534,6585,1071
83550,31748,6806
83577,34114,6059
83593,14930,3256
83615,6584,984
83631,6148,963
83658,5229,825
83674,80920,16109
83682,4028,595
83690,9947,1315
83712,8393,1966
83739,17455,4225
83755,2930,377
83771,5338,752
83798,38561,7945
83810,3467,560
83836,36006,6891
83852,3515,442
83879,22548,3687
83895,3619,713
83909,12415,2842
83917,6311,1008
83925,7662,856
83933,4527,790
83950,11866,1937
83976,13342,2377
84514,9167,2072
84530,11606,2133
84557,3395,756
84573,6478,1413
84590,4223,889
84611,68553,15272
84638,6284,1323
84654,6689,1313
84670,17953,3147
84697,9330,1603
84719,3313,577
84735,3104,302
84743,2456,363
84751,3061,380
84760,4933,607
84778,2285,573
84786,3238,565
84794,2451,301
84808,1763,241
84816,14448,2080
84824,2996,453
84832,2624,385
84840,3343,567
84859,4126,534
84867,1404,219
84875,3610,523
84883,3937,565
84891,7757,1164
84905,3491,751
84913,2026,295
84921,5439,823
84930,2350,281
84948,3098,396
84956,2230,391
84964,3511,596
84972,3566,528
84980,8243,1566
84999,5468,857
85006,5123,813
85014,12419,1393
85022,2822,425
85030,5898,907
85049,2562,486
85057,5475,785
85065,3875,495
85073,58197,15628
85081,2532,444
85090,6225,1184
85103,7272,1262
85111,138026,29130
85120,4241,669
85138,4781,671
85146,5849,959
85154,10532,1407
85162,7604,1425
85170,6274,903
85189,3912,419
85197,16612,2045
85200,3163,593
85219,10306,2109
85227,2572,463
85235,10353,1763
85243,1960,274
85251,14746,2800
85260,4591,788
85278,8652,1404
85286,4854,695
85294,5769,736
85308,7847,1642
85316,91060,21888
85324,3525,356
85332,5400,732
85340,2315,321
85359,4356,848
85367,7869,1042
85375,10327,2221
85383,2282,272
85391,8416,1624
85405,1879,237
85413,91482,16139
85421,1631,228
85430,5517,691
85448,2460,438
85456,8353,1770
85464,6346,1227
85472,9782,1504
85480,5822,992
85499,5104,1027
85502,6526,1317
85510,2844,511
85529,5553,914
85537,14837,2943
85545,3282,520
85553,25179,5075
85561,2664,332
85570,8555,1842
85588,2070,483
85596,66710,17338
85600,2475,309
85618,104351,22247
85626,1864,345
85634,3979,594
85642,3567,498
85650,4000,638
85669,2718,341
85677,4264,636
85685,20730,5429
85693,50613,10755
85707,2409,305
85715,4933,867
85723,4238,504
85731,5132,731
85740,4016,588
85758,4595,640
85766,2040,396
85774,52779,9788
85782,2684,484
85790,4095,821
85804,11224,3030
85812,22411,3624
85820,1475,236
85839,5527,558
85847,2647,456
85855,34274,7755
85863,1598,233
85871,44235,9203
85880,3085,532
85898,258594,51930
85901,2678,535
85910,47119,9369
85928,2645,542
85936,22755,2807
85944,6925,1153
85952,7620,1228
85960,2494,376
85979,7497,1049
85987,5327,735
85995,344546,61860
86010,10032,1519
86029,2332,413
86037,7769,1010
86045,4626,844
86053,3491,588
86061,3286,391
86070,3688,506
86088,3656,679
86096,3031,487
86100,1321,212
86118,5887,1141
86126,1996,299
86134,8234,1491
86142,3883,598
86150,6012,1172
86169,2742,340
86177,10744,2013
86185,5276,948
86193,47431,10690
86207,5169,472
86215,9471,1282
86223,4943,537
86231,3982,558
86240,25992,4606
86258,24708,3873
86274,10420,1860
86282,2751,420
86290,29740,7640
86304,5759,772
86312,3018,496
86320,3506,804
86339,17648,3473
86347,4469,667
86355,18805,3653
86363,2546,465
86371,80186,14291
86380,1735,220
86398,5217,1211
86401,2671,370
86410,4222,663
86428,1942,358
86436,5522,891
86444,2333,431
86452,2708,581
86460,2705,463
86479,12594,2051
86487,7890,1458
86495,37013,6719
86509,2757,396
86517,68275,14756
86525,1377,185
86533,25860,4789
86541,2600,286
86550,57217,9817
86568,2451,407
86576,5756,996
86584,2274,308
86592,10789,1566
86606,2333,337
86614,24575,3644
86622,2551,331
86630,8354,1729
86649,2663,375
86657,5668,1067
86665,2746,504
86673,25529,4926
86681,1928,295
86690,25764,3510
86703,1211,223
86711,5164,729
86720,2571,534
86738,6193,1149
86746,1622,257
86754,7205,1670
86762,2213,366
86770,13193,2679
86789,3015,524
86797,12775,2176
86800,4767,863
86819,33380,7059
86827,1978,370
86835,191604,39579
86843,1783,289
86851,75551,15863
86860,1999,387
86878,18660,2693
86886,1601,219
86894,5904,800
86908,4562,618
86916,14654,2249
86924,1444,237
86932,25328,4949
86940,5493,1111
86959,4096,613
86967,5822,908
86975,3925,522
86983,2323,303
86991,5383,752
87009,3541,632
87017,16232,2383
87025,2742,421
87033,27505,4719
87041,3925,564
87050,64805,12149
87068,6261,1147
87076,3577,592
87084,3009,405
87092,5477,826
87106,2696,437
87114,6485,1640
87122,3070,414
87130,27899,7988
87149,5353,690
87157,3490,514
87165,2099,363
87173,16282,1738
87181,2195,406
87190,2928,433
87203,1991,228
87211,20850,4863
87220,2399,354
87238,8628,1362
87246,18852,3638
87254,15078,2767
87262,3609,456
87270,20154,3541
87289,3143,465
87297,63247,11424
87300,1847,299
87319,5467,968
87327,3301,437
87335,4406,829
87343,4959,598
87351,4671,685
87360,4460,650
87378,31922,5403
87386,3594,660
87394,3838,599
87408,3666,524
87416,2155,343
87424,3320,496
87432,4064,791
87440,1784,205
87459,4004,696
87467,2247,369
87475,4193,635
87483,1692,282
87491,48428,10380
87505,2520,247
87513,8927,1837
87521,2343,432
87530,4117,611
87548,2911,557
87556,13120,1948
87564,2250,388
87572,9460,1816
87580,2621,313
87599,3996,682
87602,5346,715
87610,7103,899
87629,1724,220
87637,2723,387
87645,1923,262
87653,5164,797
87661,2040,255
87670,17074,2565
87688,2210,317
87696,18436,2519
87700,2569,469
87718,180917,36244
87726,3120,698
87734,37182,7890
87742,2222,268
87750,3832,601
87769,2191,344
87777,23999,4137
87785,3078,622
87793,5912,814
87807,3125,356
87815,31801,5294
87823,2542,320
87831,6118,911
87840,2209,356
87858,150385,29212
87866,2254,477
87874,6964,1542
87882,4197,799
87890,3091,470
87904,2007,281
87912,248685,45798
87920,5335,989
87939,10128,2465
87947,6802,755
87955,14782,2887
87963,4577,875
87971,8020,1574
87980,1960,235
87998,25391,4521
88005,2874,483
88013,1104720,248383
88021,1461,251
88030,3930,695
88048,1505,225
88056,7722,1200
88064,8234,1163
88072,3878,867
88080,4816,725
88099,17681,4010
88102,3783,829
88110,6738,1578
88129,3334,581
88137,12411,2123
88145,12264,2380
88153,156177,37848
88161,2493,401
88170,29798,6633
88188,3063,615
88196,7730,989
88200,3702,684
88218,5094,742
88226,2529,229
88234,16216,2320
88242,1880,337
88250,7303,1040
88269,4231,544
88277,4615,657
88285,3010,452
88293,5386,746
88307,2092,379
88315,32082,8386
88323,2541,409
88331,5476,668
88340,6406,1404
88358,13231,2093
88366,3455,552
88374,6952,1224
88382,4265,713
88390,105606,19096
88404,2931,443
88412,209652,43921
88420,2071,392
88439,6440,1356
88447,3953,903
88455,73658,21529
88463,2450,331
88471,57678,10189
88480,2637,514
88498,24529,6724
88501,3402,615
88510,40952,9898
88528,2502,369
88536,60967,13883
88544,2720,533
88552,34027,7289
88560,2020,289
88579,8659,1822
88587,2823,459
88595,11212,2025
88609,1864,214
88617,12930,1879
88625,3078,730
88633,48448,12197
88641,5460,1083
88650,14507,2699
88668,3094,548
88676,15633,2836
88684,3663,573
88692,45614,11492
88706,1794,258
88714,15431,2707
88722,3861,601
88730,20377,3634
88749,2135,267
88757,5764,809
88765,2618,329
88773,167872,35948
88781,2234,344
88790,35902,7572
88803,3258,772
88811,26946,6607
88820,3479,567
88838,16122,2091
88846,4563,1223
88854,4857,666
88862,5751,1001
88870,4089,737
88889,3759,596
88897,5223,816
88900,2676,391
88919,12751,2263
88927,9821,2677
88935,17122,2665
88943,2853,430
88951,17046,3106
88978,3092,480
88986,3833,793
88994,62191,11008
89001,1895,225
89010,105646,23590
89028,2697,313
89036,16718,2488
89044,2098,353
89052,9009,1329
89060,2137,269
89079,4375,649
89087,2358,314
89095,12519,1862
89109,1819,193
89117,4900,656
89125,2036,325
89133,3439,530
89141,2890,559
89150,42264,9748
89168,1379,222
89176,11386,2334
89184,1512,243
89192,21526,3494
89206,1987,264
89214,17056,2540
89222,2383,288
89230,7975,1196
89247,1820,252
89249,3275,589
89257,11422,2258
89265,1965,276
89273,41938,8522
89281,2336,417
89290,19462,3154
89303,1615,270
89311,10407,1800
89320,1587,255
89338,31449,7183
89346,2052,220
89354,37291,10014
89362,2470,565
89370,17502,2615
89389,1635,226
89397,17902,2489
89400,2341,389
89419,18422,2764
89435,21951,4388
89443,2628,462
89451,4756,711
89460,1948,211
89478,16276,3273
89486,1589,267
89494,7107,1170
89508,2526,332
89516,87692,24629
89524,2604,321
89532,47205,10469
89540,2404,366
89559,53500,8949
89567,2000,436
89575,18542,1880
89591,18141,2457
89613,4167,580
89630,162845,32377
89656,3795,679
89672,10859,2697
89699,2508,384
89710,4540,936
89737,17879,3108
89753,8004,1532
89770,3504,505
89788,17701,5259
89796,24009,6004
89800,4336,940
89818,3671,886
89826,2929,658
89834,15658,4453
89843,2641,814
89850,108398,25522
89877,41455,10768
89893,12029,3284
89915,7652,2603
89931,14258,3992
89958,3977,947
89960,2757,850
89974,2925,644
89990,32161,8746
90018,6661,1085
90026,2770,656
90034,12237,3890
90042,4134,1200
90050,12255,3272
90069,15013,4269
90077,8253,2040
90085,3692,1094
90093,6128,1483
90107,3699,818
90115,26302,6296
90123,4273,1241
90131,18172,4627
90140,3900,1018
90158,6224,1524
90166,2688,642
90174,7595,1696
90182,3123,722
90190,19275,5456
90204,2652,607
90212,35774,9364
90220,7058,1993
90239,1041,208
90247,4470,1526
90255,8042,1920
90263,5707,1445
90271,13979,4627
90280,22053,5896
90298,6146,1353
90301,4388,1238
90310,6134,1138
90328,2278,535
90336,24063,6176
90344,2650,620
90352,47592,13360
90360,6099,1655
90379,19310,5212
90387,9301,2693
90395,8158,1932
90409,3620,854
90417,16255,4309
90425,8508,2307
90433,17582,4020
90441,2104,430
90450,9455,3012
90468,11822,3468
90476,65855,18278
90484,26832,6883
90492,11086,2508
90506,31570,7485
90514,640807,112456
90522,8154,1860
90530,4542,1027
90549,5727,1456
90557,20829,4467
90565,6936,1352
90573,16075,4692
90581,6321,1770
90590,16716,3880
90603,49453,12327
90611,4030,974
90620,13219,3449
90638,70677,18038
90646,32360,7589
90654,26119,6941
90662,7296,2144
90670,428128,69184
90689,9016,2386
90697,16349,3901
90700,4942,1138
90719,6334,1484
90727,19042,5774
90735,170006,35366
90743,5284,1375
90751,16528,3457
90760,7848,2011
90778,4138,1018
90786,6257,1664
90794,7715,1621
90808,5271,1392
90816,7729,1991
90824,5408,1416
90832,8377,1955
90840,3018,763
90859,10607,2796
90867,4617,1493
90875,6522,1900
90883,7669,2042
90891,13968,2666
90905,5012,1531
90913,9113,2450
90921,1624,468
90930,20481,4575
90948,1852,562
90956,20102,4444
90964,2753,959
90972,5233,1148
90980,1872,552
90999,18315,4984
91006,3024,861
91014,4145,771
91022,2653,713
91030,14015,3651
91049,2338,680
91057,2187,515
91073,28220,5968
91081,4839,1139
91090,10521,2812
91103,5145,1298
91111,19426,4772
91138,36877,8966
91154,10671,2574
91170,11637,2482
91197,4774,1012
91219,12134,2250
91235,34818,8842
91251,31202,7700
91278,5811,1439
91294,23996,5694
91316,70109,17109
91332,1919,460
91359,4002,986
91375,8337,2716
91391,14441,4456
91413,14547,4265
91430,25108,5609
91456,3930,884
91472,14556,3802
91499,4421,1002
91510,166681,37499
91537,12863,3066
91553,16268,3120
91570,33065,7397
91596,13252,2796
91618,2823,673
91634,3429,728
91650,87949,22212
91677,178841,31410
91693,8657,2187
91715,7493,1353
91731,8929,2477
91758,10405,2287
91774,19825,5118
91782,21073,5499
91790,14216,3468
91804,8224,1869
91812,14218,3523
91820,5507,1341
91839,7653,2470
91847,8587,2268
91855,72106,19497
91863,5111,1330
91880,11117,2693
91898,9267,2342
91901,5695,1010
91910,19585,5265
91936,16376,4600
91952,16288,4959
91979,4957,1444
91995,11556,3053
92002,3388,597
92010,10813,2141
92029,6721,1196
92037,2295,465
92045,6333,1139
92053,20186,4056
92061,4036,922
92070,5090,1017
92088,3755,712
92096,2067,380
92100,7025,1392
92118,6942,1647
92126,3437,898
92134,7263,1558
92142,3674,665
92150,6682,1577
92169,2853,482
92177,3590,698
92185,5350,997
92193,7165,1375
92207,3985,967
92215,287346,65190
92223,6171,1414
92231,1229,327
92240,4357,702
92258,14999,2811
92266,3677,690
92274,335267,71940
92282,4804,805
92290,3182,866
92304,3445,712
92312,4004,671
92320,3708,753
92339,13511,3179
92347,3015,497
92355,8745,1848
92363,9452,2094
92371,4769,1079
92398,6317,1317
92401,2720,508
92410,113277,19796
92436,21325,4505
92444,3691,861
92452,4686,993
92460,3565,792
92479,7828,1869
92487,4102,637
92495,7076,2268
92509,2267,500
92517,3201,755
92525,5508,1195
92533,3042,591
92541,3670,848
92550,3331,588
92568,4051,992
92576,8754,1632
92584,4020,657
92592,6313,992
92606,2862,396
92614,2864,696
92622,2221,534
92630,9614,2300
92649,4764,1116
92657,23266,5770
92665,3456,560
92673,6953,1570
92681,3718,789
92690,17567,4501
92703,83902,17291
92711,3534,819
92720,5718,1475
92738,3864,635
92754,4752,1055
92762,2714,749
92770,8389,2216
92789,2997,768
92797,6813,1458
92800,4085,910
92819,8240,2173
92827,3933,916
92835,1881,455
92851,10858,2682
92860,2329,459
92878,13188,3349
92886,15902,3647
92894,65465,16206
92908,6192,1275
92916,3728,858
92924,8122,1778
92932,9140,2229
92940,6173,1607
92959,5274,1116
92967,3661,995
92975,14138,3313
92983,2482,559
92991,7072,1484
93009,2907,687
93017,74254,16483
93025,43597,8234
93033,4782,989
93041,3031,647
93050,7216,1828
93068,3065,735
93076,16314,2782
93084,2798,721
93092,4792,1219
93106,3313,677
93114,23054,4601
93122,3297,737
93130,3321,822
93149,2630,442
93157,2954,605
93165,4626,969
93173,7521,1747
93181,3514,795
93190,6840,1546
93203,4008,844
93211,4294,860
93220,6251,1121
93238,5359,1023
93246,2660,588
93254,35470,8659
93262,3429,958
93270,3889,946
93289,3795,1014
93297,12522,3127
93300,89249,16546
93319,3666,613
93327,49369,8978
93335,2571,598
93343,107528,20797
93351,3787,961
93360,12218,2960
93378,3455,655
93386,3081,677
93394,3589,904
93408,3293,785
93416,12696,2553
93424,3617,950
93432,2289,436
93440,2758,553
93459,4899,1011
93475,3336,623
93483,2346,455
93491,9617,2151
93505,5187,1202
93513,2946,587
93530,5204,903
93548,3038,553
93556,6159,1163
93564,3155,532
93572,8324,1704
93580,6123,1291
93599,6977,1874
93602,1596,452
93610,74889,15644
93637,4557,1057
93653,13683,2796
93670,10430,2225
93696,4251,733
93718,57030,13338
93734,1034132,212301
93750,41080,10140
93777,19589,4792
93793,26733,5543
93815,13784,3308
93831,4153,738
93858,58069,11463
93874,3968,841
93890,18746,4082
93912,3584,574
93939,7794,1710
93955,41015,9095
93971,20193,4722
93998,25812,6001
94013,2794,658
94030,31808,7449
94056,5317,926
94072,5255,877
94099,4415,868
94110,3647,804
94137,15406,3563
94153,6704,1528
94170,2337,342
94196,21602,4024
94218,4378,1020
94234,7099,1144
94250,74364,17735
94277,2779,641
94293,5970,1259
94315,32211,6258
94331,71708,17293
94358,2731,589
94374,5446,1009
94390,14451,3251
94439,6628,1427
94455,126135,25894
94471,2688,551
94498,5948,1354
94510,8205,1815
94536,2558,558
94552,7008,1607
94579,7018,1628
94595,47752,11153
94617,14095,2794
94633,9715,1848
94650,2275,509
94676,5531,1370
94692,4602,868
94714,6711,1458
94730,36238,8504
94757,4568,889
94773,12378,3517
94790,3397,777
94811,6542,1340
94838,4025,646
94854,7275,1591
94870,23995,5905
94897,27499,6842
94919,2470,415
94935,2106,346
94951,2815,685
94978,7938,1707
94994,3781,678
95010,3301,592
95036,11921,2532
95052,3736,716
95079,8665,1735
95095,18773,4263
95117,21950,5036
95133,2188,393
95150,4065,795
95176,2603,647
95192,33118,6305
95214,7924,1928
95230,8976,2360
95257,9838,1885
95273,7044,1471
95290,6382,1197
95311,7392,1660
95338,8113,1485
95354,3659,822
95370,3575,667
95397,18870,4812
95419,9295,2052
95435,19935,4171
95451,21768,5155
95478,5821,1228
95494,14207,2831
95516,3399,718
95532,5346,1063
95559,30945,7250
95575,3149,696
95591,42782,7285
95613,24322,5139
95630,34430,7430
95656,8934,1904
95672,3812,739
95699,2948,596
95710,143226,30487
95737,15250,3171
95753,7047,1441
95770,5368,1114
95796,3210,703
95818,29449,6164
95834,4424,1165
95850,3096,490
95877,3169,785
95893,7604,1641
95915,7097,1857
95931,4702,908
95958,60989,13600
95974,7035,1558
95990,24045,5311
96016,18306,4586
96032,3193,615
96059,13807,3494
96075,6271,1587
96091,15596,3065
96113,3146,998
96130,7671,1326
96156,10414,2231
96172,4555,1057
96199,4866,766
96210,15706,2660
96237,3592,791
96253,89354,19663
96270,16801,3060
96296,2674,443
96318,4729,977
96334,29060,6766
96350,10406,2065
96377,3395,683
96393,3835,923
96415,10643,2104
96431,8328,1626
96458,15173,3351
96474,22453,5787
96490,5517,1029
96512,4862,1146
96539,9063,2432
96555,6655,1274
96571,6298,1115
96598,4485,848
96610,5193,1021
96636,7821,1387
96652,6893,1352
96679,4442,825
96695,6035,1433
96717,3294,653
96733,7113,1683
96750,5739,1231
96776,43049,9040
96792,4045,597
96814,11720,2698
96830,3196,574
96857,12479,2417
96873,3495,770
96890,3700,757
96911,2794,564
96938,4623,1140
96954,4202,865
96970,3905,549
96997,4461,802
97012,2206996,387096
98000,289,142
98019,6653,1525
98035,22516,6433
98051,4701,620
98078,14272,4003
98094,21678,5163
98116,6772,1605
98132,7313,1723
98159,6702,1806
98175,3538,725
98191,24409,6704
98213,25028,3813
98230,10264,1369
98256,39493,6895
98272,3708,456
98299,6159,873
98310,33375,9418
98337,5629,1117
98353,36529,5733
98370,7352,2257
98396,14591,3632
98418,25232,6741
98434,18139,3752
98450,7352,1715
98477,36929,9488
98493,8898,2198
98515,10552,2453
98531,14169,1884
98558,15231,2770
98574,16757,3902
98590,11692,2492
98612,7396,1934
98639,3173,834
98655,10212,2794
98671,4816,1584
98698,4231,1256
98710,8924,2712
98736,12507,3108
98752,9984,2783
98779,5330,1423
98795,3101,788
98817,22867,6046
98833,9182,2296
98850,8266,2548
98876,7716,2117
98892,49910,10912
98914,1948,565
98930,67221,15036
98957,8647,2325
98973,7152,1845
98990,14298,4465
99015,14231,4122
99031,3027,850
99058,22602,6262
99074,1932,414
99104,4,0
99139,6,0
99147,1,0
99155,30,26
99171,2,0
99180,65,39
99198,1,0
99210,3,0
99236,6,0
99244,9,0
99252,1,0
99287,34,20
99317,250,60
99325,2,0
99333,11,0
99341,4,0
99350,1,0
99376,8,0
99384,1,0
99430,107,94
99473,50,12
