numero,candidato,partido,votos,pct_validos
22,FLAVIO BOLSONARO,PL,56104503,47.02777235637371
13,LULA,PT,53879538,45.1627679106361
70,ESCRITOR AUGUSTO CURY,AVANTE,3448569,2.8906506468339503
14,RENAN SANTOS,MISSÃO,2675887,2.2429751260318582
55,RONALDO CAIADO,PSD,2605148,2.1836804632002935
30,ZEMA,NOVO,326488,0.27366793252027805
80,SAMARA,UP,122911,0.1030261426269875
16,HERTZ DIAS,PSTU,43103,0.03612968591624055
27,CLARIANA BARAO,DC,40043,0.03356474057824329
21,EDMILSON COSTA,PCB,22693,0.019021668155284943
35,VETERINÁRIO WILSON GRASSI,DEMOCRATA,16881,0.014149948447951576
29,RUI COSTA PIMENTA,PCO,15024,0.012593378679108138
