uf,cod_tse,nome,eleitores,comparecimento,abstencao,validos,brancos,nulos,v_flavio,v_caiado,v_lula,v_cury,v_renan,v_outros,p_flavio,p_lula,p_cury,p_renan,p_caiado,p_outros,vencedor,vencedor_num,p_abstencao,p_brancos_nulos,margem_flavio_lula,validos22,v_lula22,v_bolsonaro22,p_lula22,p_bolsonaro22,d_lula,d_bolsonarismo,aptos22,abst22,p_abstencao22,d_abstencao,iso3,pais,continente
ZZ,29254,ABIDJÃ,91,44,47,44,0,0,13,2,24,1,1,3,29.545,54.545,2.273,2.273,4.545,6.818,LULA,13,51.648,0.0,-25.0,46.0,21.0,18.0,45.652,39.13,8.893,-9.585,77.0,30.0,38.961,12.687,CIV,Costa do Marfim,África
ZZ,29262,ABU DHABI,2988,1396,1592,1355,13,28,659,26,512,56,64,38,48.635,37.786,4.133,4.723,1.919,2.804,FLAVIO BOLSONARO,22,53.28,2.937,10.849,955.0,352.0,464.0,36.859,48.586,0.927,0.049,2248.0,1269.0,56.45,-3.17,ARE,Emirados Árabes Unidos,Oriente Médio
ZZ,99198,ABUJA,3,0,0,0,0,0,0,0,0,0,0,0,0.0,0.0,0.0,0.0,0.0,0.0,,,0.0,0.0,0.0,0.0,0.0,0.0,,,,,1.0,0.0,0.0,0.0,NGA,Nigéria,África
ZZ,29270,ACCRA,43,13,30,13,0,0,2,1,8,2,0,0,15.385,61.538,15.385,0.0,7.692,0.0,LULA,13,69.767,0.0,-46.153,22.0,12.0,9.0,54.545,40.909,6.993,-25.524,53.0,31.0,58.491,11.276,GHA,Gana,África
ZZ,99325,ADIS ABEBA,3,0,0,0,0,0,0,0,0,0,0,0,0.0,0.0,0.0,0.0,0.0,0.0,,,0.0,0.0,0.0,0.0,0.0,0.0,,,,,2.0,0.0,0.0,0.0,ETH,Etiópia,África
ZZ,30457,AMSTERDÃ,12752,6450,6302,6274,93,83,1081,81,4624,156,164,168,17.23,73.701,2.486,2.614,1.291,2.678,LULA,13,49.42,2.729,-56.471,5770.0,4094.0,961.0,70.953,16.655,2.748,0.575,10044.0,4165.0,41.468,7.952,NLD,Países Baixos,Europa
ZZ,29289,AMÃ,1489,833,656,783,19,31,59,13,675,8,2,26,7.535,86.207,1.022,0.255,1.66,3.321,LULA,13,44.056,6.002,-78.672,552.0,338.0,107.0,61.232,19.384,24.975,-11.849,1036.0,454.0,43.822,0.234,JOR,Jordânia,Oriente Médio
ZZ,29297,ANCARA,77,37,40,37,0,0,7,1,24,2,1,2,18.919,64.865,5.405,2.703,2.703,5.405,LULA,13,51.948,0.0,-45.946,27.0,19.0,7.0,70.37,25.926,-5.505,-7.007,58.0,31.0,53.448,-1.5,TUR,Turquia,Europa
ZZ,29300,ARGEL,48,31,17,31,0,0,3,0,27,0,0,1,9.677,87.097,0.0,0.0,0.0,3.226,LULA,13,35.417,0.0,-77.42,0.0,0.0,0.0,,,,,24.0,0.0,0.0,35.417,DZA,Argélia,África
ZZ,29319,ARTIGAS,611,385,226,367,8,10,227,11,104,11,4,10,61.853,28.338,2.997,1.09,2.997,2.725,FLAVIO BOLSONARO,22,36.989,4.675,33.515,412.0,116.0,245.0,28.155,59.466,0.183,2.387,686.0,261.0,38.047,-1.058,URY,Uruguai,América do Sul
ZZ,29327,ASSUNÇÃO,2205,1151,1054,1061,59,31,740,10,250,17,23,21,69.746,23.563,1.602,2.168,0.943,1.979,FLAVIO BOLSONARO,22,47.8,7.819,46.183,1143.0,256.0,772.0,22.397,67.542,1.166,2.204,2241.0,1053.0,46.988,0.812,PRY,Paraguai,América do Sul
ZZ,39241,ASTANA,13,0,0,0,0,0,0,0,0,0,0,0,0.0,0.0,0.0,0.0,0.0,0.0,,,0.0,0.0,0.0,0.0,0.0,0.0,,,,,9.0,0.0,0.0,0.0,KAZ,Cazaquistão,Ásia
ZZ,29335,ATENAS,1211,508,703,494,8,6,230,10,196,21,6,31,46.559,39.676,4.251,1.215,2.024,6.275,FLAVIO BOLSONARO,22,58.051,2.756,6.883,437.0,164.0,205.0,37.529,46.911,2.147,-0.352,1063.0,615.0,57.855,0.196,GRC,Grécia,Europa
ZZ,39080,ATLANTA,16301,5022,11279,4903,57,62,3276,122,1221,101,101,82,66.816,24.903,2.06,2.06,2.488,1.672,FLAVIO BOLSONARO,22,69.192,2.37,41.913,4320.0,973.0,2879.0,22.523,66.644,2.38,0.172,12580.0,8193.0,65.127,4.065,USA,Estados Unidos,América do Norte
ZZ,99171,BAGDÁ,10,0,0,0,0,0,0,0,0,0,0,0,0.0,0.0,0.0,0.0,0.0,0.0,,,0.0,0.0,0.0,0.0,0.0,0.0,,,,,2.0,0.0,0.0,0.0,IRQ,Iraque,Oriente Médio
ZZ,39128,BAKU,5,0,0,0,0,0,0,0,0,0,0,0,0.0,0.0,0.0,0.0,0.0,0.0,,,0.0,0.0,0.0,0.0,0.0,0.0,,,,,2.0,0.0,0.0,0.0,AZE,Azerbaijão,Ásia
ZZ,99350,BAMAKO,5,0,0,0,0,0,0,0,0,0,0,0,0.0,0.0,0.0,0.0,0.0,0.0,,,0.0,0.0,0.0,0.0,0.0,0.0,,,,,1.0,0.0,0.0,0.0,MLI,Mali,África
ZZ,29343,BANGKOK,310,102,208,99,3,0,51,0,40,3,3,2,51.515,40.404,3.03,3.03,0.0,2.02,FLAVIO BOLSONARO,22,67.097,2.941,11.111,105.0,46.0,42.0,43.81,40.0,-3.406,11.515,220.0,111.0,50.455,16.642,THA,Tailândia,Ásia
ZZ,29351,BARCELONA,17254,5185,12069,5043,75,67,995,52,3692,113,105,86,19.73,73.21,2.241,2.082,1.031,1.705,LULA,13,69.949,2.739,-53.48,4373.0,3070.0,901.0,70.204,20.604,3.006,-0.874,10879.0,6379.0,58.636,11.313,ESP,Espanha,Europa
ZZ,99473,BAREIN,69,49,20,47,0,2,27,0,17,2,1,0,57.447,36.17,4.255,2.128,0.0,0.0,FLAVIO BOLSONARO,22,28.986,4.082,21.277,38.0,10.0,22.0,26.316,57.895,9.854,-0.448,50.0,12.0,24.0,4.986,BHR,Bahrein,Oriente Médio
ZZ,29360,BEIRUTE,8919,4097,4822,3883,91,123,1138,49,2538,49,13,96,29.307,65.362,1.262,0.335,1.262,2.472,LULA,13,54.064,5.223,-36.055,2850.0,1601.0,947.0,56.175,33.228,9.187,-3.921,6340.0,3372.0,53.186,0.878,LBN,Líbano,Oriente Médio
ZZ,29378,BELGRADO,115,48,67,48,0,0,13,1,30,2,2,0,27.083,62.5,4.167,4.167,2.083,0.0,LULA,13,58.261,0.0,-35.417,49.0,30.0,8.0,61.224,16.327,1.276,10.756,98.0,47.0,47.959,10.302,SRB,Sérvia,Europa
ZZ,38881,BELMOPAN,13,0,0,0,0,0,0,0,0,0,0,0,0.0,0.0,0.0,0.0,0.0,0.0,,,0.0,0.0,0.0,0.0,0.0,0.0,,,,,11.0,0.0,0.0,0.0,BLZ,Belize,América Central e Caribe
ZZ,29386,BERLIM,15066,8204,6862,8019,68,117,925,74,6504,170,164,182,11.535,81.107,2.12,2.045,0.923,2.27,LULA,13,45.546,2.255,-69.572,7179.0,5713.0,809.0,79.579,11.269,1.528,0.266,12621.0,5315.0,42.112,3.434,DEU,Alemanha,Europa
ZZ,29394,BISSAU,88,37,51,37,0,0,17,0,17,2,1,0,45.946,45.946,5.405,2.703,0.0,0.0,FLAVIO BOLSONARO,22,57.955,0.0,0.0,44.0,23.0,21.0,52.273,47.727,-6.327,-1.781,78.0,34.0,43.59,14.365,GNB,Guiné-Bissau,África
ZZ,29408,BOGOTÁ,1499,556,943,527,23,6,252,8,245,12,5,5,47.818,46.49,2.277,0.949,1.518,0.949,FLAVIO BOLSONARO,22,62.909,5.216,1.328,691.0,365.0,242.0,52.822,35.022,-6.332,12.796,1562.0,839.0,53.713,9.196,COL,Colômbia,América do Sul
ZZ,29416,BOSTON,53358,16390,36968,16092,175,123,11228,161,3919,370,230,184,69.774,24.354,2.299,1.429,1.0,1.143,FLAVIO BOLSONARO,22,69.283,1.818,45.42,12943.0,2982.0,9046.0,23.039,69.891,1.315,-0.117,37105.0,23649.0,63.735,5.548,USA,Estados Unidos,América do Norte
ZZ,39209,BRATISLAVA,129,61,68,58,2,1,13,2,35,5,3,0,22.414,60.345,8.621,5.172,3.448,0.0,LULA,13,52.713,4.918,-37.931,66.0,24.0,14.0,36.364,21.212,23.981,1.202,115.0,45.0,39.13,13.583,SVK,Eslováquia,Europa
ZZ,39187,BRAZZAVILLE,2,0,0,0,0,0,0,0,0,0,0,0,0.0,0.0,0.0,0.0,0.0,0.0,,,0.0,0.0,0.0,0.0,0.0,0.0,,,,,3.0,0.0,0.0,0.0,COG,Congo,África
ZZ,29424,BRIDGETOWN,22,0,0,0,0,0,0,0,0,0,0,0,0.0,0.0,0.0,0.0,0.0,0.0,,,0.0,0.0,0.0,0.0,0.0,0.0,,,,,11.0,0.0,0.0,0.0,BRB,Barbados,América Central e Caribe
ZZ,29432,BRUXELAS,10073,5091,4982,4975,63,53,1959,98,2516,184,121,97,39.377,50.573,3.698,2.432,1.97,1.95,LULA,13,49.459,2.279,-11.196,3646.0,1984.0,1271.0,54.416,34.86,-3.843,4.517,6422.0,2658.0,41.389,8.07,BEL,Bélgica,Europa
ZZ,29440,BUCARESTE,130,62,68,62,0,0,22,1,31,6,1,1,35.484,50.0,9.677,1.613,1.613,1.613,LULA,13,52.308,0.0,-14.516,54.0,29.0,12.0,53.704,22.222,-3.704,13.262,108.0,53.0,49.074,3.234,ROU,Romênia,Europa
ZZ,29459,BUDAPESTE,810,471,339,464,5,2,93,3,331,15,12,10,20.043,71.336,3.233,2.586,0.647,2.155,LULA,13,41.852,1.486,-51.293,607.0,491.0,72.0,80.89,11.862,-9.554,8.181,813.0,195.0,23.985,17.867,HUN,Hungria,Europa
ZZ,29467,BUENOS AIRES,11748,5435,6313,5309,74,52,1449,54,3507,118,130,51,27.293,66.058,2.223,2.449,1.017,0.961,LULA,13,53.737,2.318,-38.765,6812.0,4406.0,1910.0,64.68,28.039,1.378,-0.746,11515.0,4569.0,39.679,14.058,ARG,Argentina,América do Sul
ZZ,29475,CAIENA,3117,1152,1965,1084,42,26,518,12,484,38,16,16,47.786,44.649,3.506,1.476,1.107,1.476,FLAVIO BOLSONARO,22,63.041,5.903,3.137,1371.0,584.0,666.0,42.597,48.578,2.052,-0.792,3481.0,2038.0,58.546,4.495,GUF,Guiana Francesa (França),América do Sul
ZZ,29483,CAIRO,203,69,134,64,2,3,12,2,46,3,0,1,18.75,71.875,4.688,0.0,3.125,1.562,LULA,13,66.01,7.246,-53.125,70.0,42.0,21.0,60.0,30.0,11.875,-11.25,152.0,79.0,51.974,14.036,EGY,Egito,África
ZZ,29491,CAMBERRA,6243,2705,3538,2593,50,62,805,32,1478,100,95,83,31.045,57.0,3.857,3.664,1.234,3.201,LULA,13,56.671,4.14,-25.955,1964.0,1100.0,535.0,56.008,27.24,0.992,3.805,4607.0,2561.0,55.589,1.082,AUS,Austrália,Oceania
ZZ,30651,CANTÃO,419,99,320,92,2,5,35,1,48,1,6,1,38.043,52.174,1.087,6.522,1.087,1.087,LULA,13,76.372,7.071,-14.131,87.0,25.0,54.0,28.736,62.069,23.438,-24.026,380.0,285.0,75.0,1.372,CHN,China,Ásia
ZZ,29505,CARACAS,994,264,730,262,2,0,125,3,128,1,2,3,47.71,48.855,0.382,0.763,1.145,1.145,LULA,13,73.441,0.758,-1.145,0.0,0.0,0.0,,,,,1242.0,1237.0,99.597,-26.156,VEN,Venezuela,América do Sul
ZZ,99384,CASTRIES,7,0,0,0,0,0,0,0,0,0,0,0,0.0,0.0,0.0,0.0,0.0,0.0,,,0.0,0.0,0.0,0.0,0.0,0.0,,,,,1.0,0.0,0.0,0.0,LCA,Santa Lúcia,América Central e Caribe
ZZ,29513,CHICAGO,12452,2779,9673,2694,42,43,953,41,1485,92,72,51,35.375,55.122,3.415,2.673,1.522,1.893,LULA,13,77.682,3.059,-19.747,2811.0,1446.0,947.0,51.441,33.689,3.681,1.686,10285.0,7401.0,71.959,5.723,USA,Estados Unidos,América do Norte
ZZ,29521,CHUY,27,0,0,0,0,0,0,0,0,0,0,0,0.0,0.0,0.0,0.0,0.0,0.0,,,0.0,0.0,0.0,0.0,0.0,0.0,,,,,28.0,0.0,0.0,0.0,URY,Uruguai,América do Sul
ZZ,29530,CIDADE DO CABO,355,170,185,160,3,7,58,5,90,4,1,2,36.25,56.25,2.5,0.625,3.125,1.25,LULA,13,52.113,5.882,-20.0,155.0,82.0,49.0,52.903,31.613,3.347,4.637,303.0,136.0,44.884,7.229,ZAF,África do Sul,África
ZZ,29556,CIUDAD DEL ESTE,5094,2586,2508,2503,57,26,2239,10,202,21,24,7,89.453,8.07,0.839,0.959,0.4,0.28,FLAVIO BOLSONARO,22,49.234,3.21,81.383,2875.0,240.0,2561.0,8.348,89.078,-0.278,0.375,4622.0,1691.0,36.586,12.648,PRY,Paraguai,América do Sul
ZZ,29564,CIUDAD GUAYANA,72,0,72,0,0,0,0,0,0,0,0,0,0.0,0.0,0.0,0.0,0.0,0.0,,,100.0,0.0,0.0,0.0,0.0,0.0,,,,,75.0,75.0,100.0,0.0,VEN,Venezuela,América do Sul
ZZ,99210,COBIJA,1,0,0,0,0,0,0,0,0,0,0,0,0.0,0.0,0.0,0.0,0.0,0.0,,,0.0,0.0,0.0,0.0,0.0,0.0,,,,,3.0,0.0,0.0,0.0,BOL,Bolívia,América do Sul
ZZ,29572,COCHABAMBA,412,187,225,185,0,2,119,0,57,3,3,3,64.324,30.811,1.622,1.622,0.0,1.622,FLAVIO BOLSONARO,22,54.612,1.07,33.513,258.0,93.0,148.0,36.047,57.364,-5.236,6.96,418.0,157.0,37.56,17.052,BOL,Bolívia,América do Sul
ZZ,30929,COLOMBO,12,0,0,0,0,0,0,0,0,0,0,0,0.0,0.0,0.0,0.0,0.0,0.0,,,0.0,0.0,0.0,0.0,0.0,0.0,,,,,7.0,0.0,0.0,0.0,LKA,Sri Lanka,Ásia
ZZ,38903,CONACRI,5,0,0,0,0,0,0,0,0,0,0,0,0.0,0.0,0.0,0.0,0.0,0.0,,,0.0,0.0,0.0,0.0,0.0,0.0,,,,,2.0,0.0,0.0,0.0,GIN,Guiné,África
ZZ,29580,CONCEPCIÓN,78,36,42,35,1,0,32,0,2,0,1,0,91.429,5.714,0.0,2.857,0.0,0.0,FLAVIO BOLSONARO,22,53.846,2.778,85.715,38.0,2.0,35.0,5.263,92.105,0.451,-0.676,70.0,32.0,45.714,8.132,PRY,Paraguai,América do Sul
ZZ,29599,COPENHAGUE,2856,1522,1334,1476,23,23,195,18,1166,41,28,28,13.211,78.997,2.778,1.897,1.22,1.897,LULA,13,46.709,3.022,-65.786,1222.0,936.0,147.0,76.596,12.029,2.401,1.182,2299.0,1044.0,45.411,1.298,DNK,Dinamarca,Europa
ZZ,38920,COTONOU,8,0,0,0,0,0,0,0,0,0,0,0,0.0,0.0,0.0,0.0,0.0,0.0,,,0.0,0.0,0.0,0.0,0.0,0.0,,,,,5.0,0.0,0.0,0.0,BEN,Benin,África
ZZ,29602,CÓRDOBA,918,376,542,367,5,4,159,7,182,4,4,11,43.324,49.591,1.09,1.09,1.907,2.997,LULA,13,59.041,2.394,-6.267,338.0,172.0,138.0,50.888,40.828,-1.297,2.496,883.0,533.0,60.362,-1.321,ARG,Argentina,América do Sul
ZZ,29610,DACAR,132,80,52,79,1,0,24,1,51,1,0,2,30.38,64.557,1.266,0.0,1.266,2.532,LULA,13,39.394,1.25,-34.177,55.0,26.0,23.0,47.273,41.818,17.284,-11.438,105.0,50.0,47.619,-8.225,SEN,Senegal,África
ZZ,29629,DACCA,1,0,0,0,0,0,0,0,0,0,0,0,0.0,0.0,0.0,0.0,0.0,0.0,,,0.0,0.0,0.0,,,,,,,,,,,,BGD,Bangladesh,Ásia
ZZ,29637,DAMASCO,775,118,657,108,1,9,7,2,97,1,0,1,6.481,89.815,0.926,0.0,1.852,0.926,LULA,13,84.774,8.475,-83.334,0.0,0.0,0.0,,,,,200.0,0.0,0.0,84.774,SYR,Síria,Oriente Médio
ZZ,38962,DAR ES SALAAM,34,16,18,16,0,0,5,0,11,0,0,0,31.25,68.75,0.0,0.0,0.0,0.0,LULA,13,52.941,0.0,-37.5,8.0,6.0,2.0,75.0,25.0,-6.25,6.25,34.0,26.0,76.471,-23.53,TZA,Tanzânia,África
ZZ,29653,DOHA,758,364,394,357,4,3,173,4,147,10,15,8,48.459,41.176,2.801,4.202,1.12,2.241,FLAVIO BOLSONARO,22,51.979,1.923,7.283,360.0,132.0,192.0,36.667,53.333,4.509,-4.874,665.0,294.0,44.211,7.768,QAT,Catar,Oriente Médio
ZZ,29661,DUBLIN,16720,8417,8303,8299,47,71,1559,56,6025,225,312,122,18.785,72.599,2.711,3.759,0.675,1.47,LULA,13,49.659,1.402,-53.814,7594.0,5951.0,1038.0,78.364,13.669,-5.765,5.116,11930.0,4257.0,35.683,13.976,IRL,Irlanda,Europa
ZZ,29645,DÍLI,89,47,42,46,1,0,27,0,16,2,0,1,58.696,34.783,4.348,0.0,0.0,2.174,FLAVIO BOLSONARO,22,47.191,2.128,23.913,65.0,18.0,37.0,27.692,56.923,7.091,1.773,90.0,25.0,27.778,19.413,TLS,Timor-Leste,Ásia
ZZ,99503,EDIMBURGO,4447,694,3753,677,8,9,139,9,488,12,21,8,20.532,72.083,1.773,3.102,1.329,1.182,LULA,13,84.394,2.45,-51.551,,,,,,,,,,,,GBR,Reino Unido,Europa
ZZ,29670,ENCARNACIÓN,281,149,132,141,6,2,122,1,14,0,2,2,86.525,9.929,0.0,1.418,0.709,1.418,FLAVIO BOLSONARO,22,46.975,5.369,76.596,131.0,15.0,111.0,11.45,84.733,-1.521,1.792,235.0,103.0,43.83,3.145,PRY,Paraguai,América do Sul
ZZ,29688,ESTOCOLMO,4866,2607,2259,2540,31,36,505,41,1770,84,70,70,19.882,69.685,3.307,2.756,1.614,2.756,LULA,13,46.424,2.57,-49.803,2433.0,1632.0,421.0,67.078,17.304,2.607,2.578,4322.0,1826.0,42.249,4.175,SWE,Suécia,Europa
ZZ,30961,FARO,8271,2761,5510,2670,50,41,1305,33,1097,108,90,37,48.876,41.086,4.045,3.371,1.236,1.386,FLAVIO BOLSONARO,22,66.618,3.296,7.79,1777.0,873.0,730.0,49.128,41.08,-8.042,7.796,5516.0,3694.0,66.969,-0.351,PRT,Portugal,Europa
ZZ,29696,FRANKFURT,12961,5619,7342,5495,64,60,1320,88,3657,174,109,147,24.022,66.551,3.167,1.984,1.601,2.675,LULA,13,56.647,2.207,-42.529,4904.0,3143.0,1120.0,64.091,22.838,2.46,1.184,11523.0,6472.0,56.166,0.481,DEU,Alemanha,Europa
ZZ,30669,GABORONE,10,0,0,0,0,0,0,0,0,0,0,0,0.0,0.0,0.0,0.0,0.0,0.0,,,0.0,0.0,0.0,0.0,0.0,0.0,,,,,7.0,0.0,0.0,0.0,BWA,Botsuana,África
ZZ,29700,GENEBRA,11883,5237,6646,5063,97,77,2226,109,2298,198,122,110,43.966,45.388,3.911,2.41,2.153,2.173,LULA,13,55.929,3.323,-1.422,4493.0,1981.0,1930.0,44.091,42.956,1.297,1.01,10517.0,5874.0,55.852,0.077,CHE,Suíça,Europa
ZZ,29718,GEORGETOWN,178,53,125,53,0,0,43,0,7,1,1,1,81.132,13.208,1.887,1.887,0.0,1.887,FLAVIO BOLSONARO,22,70.225,0.0,67.924,70.0,7.0,55.0,10.0,78.571,3.208,2.561,217.0,144.0,66.359,3.866,GUY,Guiana,América do Sul
ZZ,98000,GUATEMALA,284,120,164,118,0,2,67,1,33,10,6,1,56.78,27.966,8.475,5.085,0.847,0.847,FLAVIO BOLSONARO,22,57.746,1.667,28.814,147.0,32.0,90.0,21.769,61.224,6.197,-4.444,289.0,142.0,49.135,8.611,GTM,Guatemala,América Central e Caribe
ZZ,29742,HAMAMATSU,13729,6918,6811,6475,271,172,4698,99,884,287,279,228,72.556,13.653,4.432,4.309,1.529,3.521,FLAVIO BOLSONARO,22,49.61,6.404,58.903,5599.0,649.0,4220.0,11.591,75.371,2.062,-2.815,12177.0,6202.0,50.932,-1.322,JPN,Japão,Ásia
ZZ,29750,HANÓI,82,32,50,29,1,2,14,0,13,0,1,1,48.276,44.828,0.0,3.448,0.0,3.448,FLAVIO BOLSONARO,22,60.976,9.375,3.448,20.0,13.0,4.0,65.0,20.0,-20.172,28.276,50.0,30.0,60.0,0.976,VNM,Vietnã,Ásia
ZZ,29769,HARARE,7,0,0,0,0,0,0,0,0,0,0,0,0.0,0.0,0.0,0.0,0.0,0.0,,,0.0,0.0,0.0,0.0,0.0,0.0,,,,,6.0,0.0,0.0,0.0,ZWE,Zimbábue,África
ZZ,30902,HARTFORD,9181,1951,7230,1895,29,27,1207,45,557,29,30,27,63.694,29.393,1.53,1.583,2.375,1.425,FLAVIO BOLSONARO,22,78.75,2.87,34.301,1431.0,443.0,820.0,30.957,57.303,-1.564,6.391,4021.0,2566.0,63.815,14.935,USA,Estados Unidos,América do Norte
ZZ,29777,HAVANA,92,40,52,38,1,1,1,0,36,0,0,1,2.632,94.737,0.0,0.0,0.0,2.632,LULA,13,56.522,5.0,-92.105,31.0,28.0,1.0,90.323,3.226,4.414,-0.594,87.0,56.0,64.368,-7.846,CUB,Cuba,América Central e Caribe
ZZ,29785,HELSINQUE,1278,718,560,693,14,11,155,10,475,14,22,17,22.367,68.543,2.02,3.175,1.443,2.453,LULA,13,43.818,3.482,-46.176,625.0,390.0,127.0,62.4,20.32,6.143,2.047,1016.0,366.0,36.024,7.794,FIN,Finlândia,Europa
ZZ,29793,HONG KONG,668,264,404,244,10,10,105,11,99,10,12,7,43.033,40.574,4.098,4.918,4.508,2.869,FLAVIO BOLSONARO,22,60.479,7.576,2.459,178.0,55.0,86.0,30.899,48.315,9.675,-5.282,595.0,402.0,67.563,-7.084,CHN,China,Ásia
ZZ,29807,HOUSTON,16438,4500,11938,4321,89,90,2586,84,1265,152,109,125,59.847,29.276,3.518,2.523,1.944,2.893,FLAVIO BOLSONARO,22,72.624,3.978,30.571,4127.0,1195.0,2282.0,28.956,55.294,0.32,4.553,13775.0,9559.0,69.394,3.23,USA,Estados Unidos,América do Norte
ZZ,29815,IAUNDÊ,14,0,0,0,0,0,0,0,0,0,0,0,0.0,0.0,0.0,0.0,0.0,0.0,,,0.0,0.0,0.0,0.0,0.0,0.0,,,,,18.0,0.0,0.0,0.0,CMR,Camarões,África
ZZ,38989,IEREVAN,13,0,0,0,0,0,0,0,0,0,0,0,0.0,0.0,0.0,0.0,0.0,0.0,,,0.0,0.0,0.0,0.0,0.0,0.0,,,,,11.0,0.0,0.0,0.0,ARM,Armênia,Ásia
ZZ,29823,IQUITOS,17,0,0,0,0,0,0,0,0,0,0,0,0.0,0.0,0.0,0.0,0.0,0.0,,,0.0,0.0,0.0,0.0,0.0,0.0,,,,,17.0,0.0,0.0,0.0,PER,Peru,América do Sul
ZZ,29831,ISLAMABADE,18,0,0,0,0,0,0,0,0,0,0,0,0.0,0.0,0.0,0.0,0.0,0.0,,,0.0,0.0,0.0,0.0,0.0,0.0,,,,,16.0,0.0,0.0,0.0,PAK,Paquistão,Ásia
ZZ,39306,ISTAMBUL,327,129,198,127,0,2,30,1,90,3,0,3,23.622,70.866,2.362,0.0,0.787,2.362,LULA,13,60.55,1.55,-47.244,126.0,72.0,44.0,57.143,34.921,13.723,-11.299,246.0,116.0,47.154,13.396,TUR,Turquia,Europa
ZZ,29840,JACARTA,172,31,141,31,0,0,19,0,8,2,1,1,61.29,25.806,6.452,3.226,0.0,3.226,FLAVIO BOLSONARO,22,81.977,0.0,35.484,50.0,16.0,30.0,32.0,60.0,-6.194,1.29,157.0,107.0,68.153,13.824,IDN,Indonésia,Ásia
ZZ,29173,KATMANDU,32,13,19,13,0,0,11,0,1,1,0,0,84.615,7.692,7.692,0.0,0.0,0.0,FLAVIO BOLSONARO,22,59.375,0.0,76.923,15.0,1.0,14.0,6.667,93.333,1.025,-8.718,33.0,18.0,54.545,4.83,NPL,Nepal,Ásia
ZZ,29858,KIEV,65,23,42,23,0,0,19,0,4,0,0,0,82.609,17.391,0.0,0.0,0.0,0.0,FLAVIO BOLSONARO,22,64.615,0.0,65.218,0.0,0.0,0.0,,,,,48.0,0.0,0.0,64.615,UKR,Ucrânia,Europa
ZZ,99430,KINGSTON-JAMAICA,103,19,84,19,0,0,14,1,4,0,0,0,73.684,21.053,0.0,0.0,5.263,0.0,FLAVIO BOLSONARO,22,81.553,0.0,52.631,13.0,7.0,6.0,53.846,46.154,-32.793,27.53,107.0,94.0,87.85,-6.297,JAM,Jamaica,América Central e Caribe
ZZ,29874,KINSHASA,27,0,0,0,0,0,0,0,0,0,0,0,0.0,0.0,0.0,0.0,0.0,0.0,,,0.0,0.0,0.0,17.0,2.0,14.0,11.765,82.353,-11.765,-82.353,33.0,16.0,48.485,-48.485,COD,Rep. Dem. do Congo,África
ZZ,29882,KUAITE,138,77,61,73,1,3,12,2,54,5,0,0,16.438,73.973,6.849,0.0,2.74,0.0,LULA,13,44.203,5.195,-57.535,43.0,9.0,27.0,20.93,62.791,53.043,-46.353,82.0,37.0,45.122,-0.919,KWT,Kuwait,Oriente Médio
ZZ,29890,KUALA LUMPUR,170,83,87,82,0,1,27,0,44,3,7,1,32.927,53.659,3.659,8.537,0.0,1.22,LULA,13,51.176,1.205,-20.732,57.0,27.0,24.0,47.368,42.105,6.291,-9.178,119.0,61.0,51.261,-0.085,MYS,Malásia,Ásia
ZZ,29904,LA PAZ,418,251,167,224,16,11,106,7,98,2,6,5,47.321,43.75,0.893,2.679,3.125,2.232,FLAVIO BOLSONARO,22,39.952,10.757,3.571,203.0,63.0,115.0,31.034,56.65,12.716,-9.329,390.0,172.0,44.103,-4.151,BOL,Bolívia,América do Sul
ZZ,29912,LAGOS,82,33,49,32,1,0,6,0,26,0,0,0,18.75,81.25,0.0,0.0,0.0,0.0,LULA,13,59.756,3.03,-62.5,28.0,16.0,7.0,57.143,25.0,24.107,-6.25,70.0,42.0,60.0,-0.244,NGA,Nigéria,África
ZZ,29939,LIBREVILLE,18,0,0,0,0,0,0,0,0,0,0,0,0.0,0.0,0.0,0.0,0.0,0.0,,,0.0,0.0,0.0,0.0,0.0,0.0,,,,,20.0,0.0,0.0,0.0,GAB,Gabão,África
ZZ,99341,LILONGUE,6,0,0,0,0,0,0,0,0,0,0,0,0.0,0.0,0.0,0.0,0.0,0.0,,,0.0,0.0,0.0,0.0,0.0,0.0,,,,,4.0,0.0,0.0,0.0,MWI,Malawi,África
ZZ,29947,LIMA,1616,760,856,730,18,12,380,23,248,31,27,21,52.055,33.973,4.247,3.699,3.151,2.877,FLAVIO BOLSONARO,22,52.97,3.947,18.082,788.0,273.0,384.0,34.645,48.731,-0.672,3.324,1533.0,726.0,47.358,5.612,PER,Peru,América do Sul
ZZ,29955,LISBOA,78607,28643,49964,27936,387,320,10548,349,14948,896,838,357,37.758,53.508,3.207,3.0,1.249,1.278,LULA,13,63.562,2.468,-15.75,19770.0,12153.0,6068.0,61.472,30.693,-7.964,7.065,45162.0,24896.0,55.126,8.436,PRT,Portugal,Europa
ZZ,39160,LIUBLIANA,162,103,59,98,2,3,25,6,61,1,2,3,25.51,62.245,1.02,2.041,6.122,3.061,LULA,13,36.42,4.854,-36.735,76.0,50.0,15.0,65.789,19.737,-3.544,5.773,122.0,41.0,33.607,2.813,SVN,Eslovênia,Europa
ZZ,29963,LOMÉ,7,0,0,0,0,0,0,0,0,0,0,0,0.0,0.0,0.0,0.0,0.0,0.0,,,0.0,0.0,0.0,0.0,0.0,0.0,,,,,4.0,0.0,0.0,0.0,TGO,Togo,África
ZZ,29971,LONDRES,37448,14797,22651,14472,161,164,5227,171,8152,334,357,231,36.118,56.329,2.308,2.467,1.182,1.596,LULA,13,60.487,2.196,-20.211,14796.0,8165.0,5170.0,55.184,34.942,1.145,1.176,34407.0,19304.0,56.105,4.382,GBR,Reino Unido,Europa
ZZ,29980,LOS ANGELES,18262,4609,13653,4492,58,59,1994,57,2131,122,122,66,44.39,47.44,2.716,2.716,1.269,1.469,LULA,13,74.762,2.539,-3.05,3938.0,1793.0,1671.0,45.531,42.433,1.909,1.957,11172.0,7146.0,63.963,10.799,USA,Estados Unidos,América do Norte
ZZ,29998,LUANDA,716,270,446,264,2,4,101,4,147,3,6,3,38.258,55.682,1.136,2.273,1.515,1.136,LULA,13,62.291,2.222,-17.424,236.0,124.0,93.0,52.542,39.407,3.14,-1.149,575.0,329.0,57.217,5.074,AGO,Angola,África
ZZ,99287,LUSACA,25,0,0,0,0,0,0,0,0,0,0,0,0.0,0.0,0.0,0.0,0.0,0.0,,,0.0,0.0,0.0,14.0,11.0,2.0,78.571,14.286,-78.571,-14.286,34.0,20.0,58.824,-58.824,ZMB,Zâmbia,África
ZZ,30066,MADRI,23464,6833,16631,6554,159,120,2343,118,3571,209,168,145,35.749,54.486,3.189,2.563,1.8,2.212,LULA,13,70.879,4.083,-18.737,5437.0,2842.0,2004.0,52.271,36.859,2.215,-1.11,19827.0,14119.0,71.211,-0.332,ESP,Espanha,Europa
ZZ,39263,MALABO,5,0,0,0,0,0,0,0,0,0,0,0,0.0,0.0,0.0,0.0,0.0,0.0,,,0.0,0.0,0.0,0.0,0.0,0.0,,,,,4.0,0.0,0.0,0.0,GNQ,Guiné Equatorial,África
ZZ,30082,MANILA,229,63,166,62,0,1,33,1,26,0,2,0,53.226,41.935,0.0,3.226,1.613,0.0,FLAVIO BOLSONARO,22,72.489,1.587,11.291,63.0,20.0,35.0,31.746,55.556,10.189,-2.33,192.0,129.0,67.188,5.301,PHL,Filipinas,Ásia
ZZ,30074,MANÁGUA,134,75,59,69,2,4,35,0,33,0,0,1,50.725,47.826,0.0,0.0,0.0,1.449,FLAVIO BOLSONARO,22,44.03,8.0,2.899,79.0,34.0,32.0,43.038,40.506,4.788,10.219,132.0,46.0,34.848,9.182,NIC,Nicarágua,América Central e Caribe
ZZ,30090,MAPUTO,557,228,329,214,2,12,113,1,89,5,1,5,52.804,41.589,2.336,0.467,0.467,2.336,FLAVIO BOLSONARO,22,59.066,6.14,11.215,291.0,117.0,150.0,40.206,51.546,1.383,1.258,665.0,356.0,53.534,5.532,MOZ,Moçambique,África
ZZ,99511,MARSELHA,2660,875,1785,868,4,3,104,1,715,13,19,16,11.982,82.373,1.498,2.189,0.115,1.843,LULA,13,67.105,0.8,-70.391,,,,,,,,,,,,FRA,França,Europa
ZZ,39102,MASCATE,97,38,59,36,1,1,20,0,12,4,0,0,55.556,33.333,11.111,0.0,0.0,0.0,FLAVIO BOLSONARO,22,60.825,5.263,22.223,41.0,11.0,25.0,26.829,60.976,6.504,-5.42,95.0,54.0,56.842,3.983,OMN,Omã,Oriente Médio
ZZ,39004,MENDOZA,235,116,119,112,2,2,55,1,49,2,4,1,49.107,43.75,1.786,3.571,0.893,0.893,FLAVIO BOLSONARO,22,50.638,3.448,5.357,139.0,52.0,77.0,37.41,55.396,6.34,-6.289,238.0,94.0,39.496,11.142,ARG,Argentina,América do Sul
ZZ,30104,MEXICO,3958,1315,2643,1285,10,20,589,25,585,40,22,24,45.837,45.525,3.113,1.712,1.946,1.868,FLAVIO BOLSONARO,22,66.776,2.281,0.312,1389.0,614.0,595.0,44.204,42.837,1.321,3.0,3939.0,2515.0,63.849,2.927,MEX,México,América do Norte
ZZ,30112,MIAMI,40053,12278,27775,12017,122,139,8914,172,2260,226,266,179,74.178,18.807,1.881,2.214,1.431,1.49,FLAVIO BOLSONARO,22,69.346,2.126,55.371,15732.0,2548.0,11682.0,16.196,74.256,2.611,-0.078,40095.0,24117.0,60.15,9.196,USA,Estados Unidos,América do Norte
ZZ,30120,MILÃO,24594,7455,17139,7163,157,135,2908,117,3593,235,171,139,40.598,50.161,3.281,2.387,1.633,1.941,LULA,13,69.688,3.917,-9.563,6226.0,3124.0,2483.0,50.177,39.881,-0.016,0.717,20013.0,13586.0,67.886,1.802,ITA,Itália,Europa
ZZ,30147,MONTEVIDÉU,2448,1343,1105,1263,47,33,465,19,686,38,24,31,36.817,54.315,3.009,1.9,1.504,2.454,LULA,13,45.139,5.957,-17.498,1290.0,687.0,434.0,53.256,33.643,1.059,3.174,2391.0,992.0,41.489,3.65,URY,Uruguai,América do Sul
ZZ,30155,MONTREAL,10953,6101,4852,5889,104,108,1456,84,3823,195,190,141,24.724,64.918,3.311,3.226,1.426,2.394,LULA,13,44.298,3.475,-40.194,5722.0,3475.0,1404.0,60.731,24.537,4.187,0.187,9438.0,3512.0,37.211,7.087,CAN,Canadá,América do Norte
ZZ,30163,MOSCOU,252,85,167,81,0,4,25,2,49,0,0,5,30.864,60.494,0.0,0.0,2.469,6.173,LULA,13,66.27,4.706,-29.63,84.0,45.0,28.0,53.571,33.333,6.923,-2.469,221.0,136.0,61.538,4.732,RUS,Rússia,Europa
ZZ,30171,MUMBAI,55,11,44,11,0,0,1,0,5,1,3,1,9.091,45.455,9.091,27.273,0.0,9.091,LULA,13,80.0,0.0,-36.364,12.0,9.0,2.0,75.0,16.667,-29.545,-7.576,55.0,41.0,74.545,5.455,IND,Índia,Ásia
ZZ,30180,MUNIQUE,13374,5423,7951,5288,65,70,1287,102,3364,226,149,160,24.338,63.616,4.274,2.818,1.929,3.026,LULA,13,59.451,2.489,-39.278,5018.0,3019.0,1241.0,60.163,24.731,3.453,-0.393,11836.0,6687.0,56.497,2.954,DEU,Alemanha,Europa
ZZ,30198,NAGÓIA,44536,16317,28219,15406,528,383,11480,258,2022,696,521,429,74.516,13.125,4.518,3.382,1.675,2.785,FLAVIO BOLSONARO,22,63.362,5.583,61.391,14156.0,1682.0,10684.0,11.882,75.473,1.243,-0.957,35578.0,20498.0,57.614,5.748,JPN,Japão,Ásia
ZZ,30201,NAIRÓBI,112,47,65,46,1,0,17,1,26,1,1,0,36.957,56.522,2.174,2.174,2.174,0.0,LULA,13,58.036,2.128,-19.565,51.0,25.0,23.0,49.02,45.098,7.502,-8.141,108.0,57.0,52.778,5.258,KEN,Quênia,África
ZZ,99180,NASSAU,69,19,50,19,0,0,10,1,6,1,0,1,52.632,31.579,5.263,0.0,5.263,5.263,FLAVIO BOLSONARO,22,72.464,0.0,21.053,25.0,8.0,15.0,32.0,60.0,-0.421,-7.368,65.0,39.0,60.0,12.464,BHS,Bahamas,América Central e Caribe
ZZ,39322,NICOSIA,137,58,79,57,0,1,20,4,24,5,2,2,35.088,42.105,8.772,3.509,7.018,3.509,LULA,13,57.664,1.724,-7.017,25.0,13.0,7.0,52.0,28.0,-9.895,7.088,72.0,44.0,61.111,-3.447,CYP,Chipre,Europa
ZZ,30210,NOVA DELHI,141,50,91,50,0,0,26,0,24,0,0,0,52.0,48.0,0.0,0.0,0.0,0.0,FLAVIO BOLSONARO,22,64.539,0.0,4.0,41.0,27.0,12.0,65.854,29.268,-17.854,22.732,102.0,61.0,59.804,4.735,IND,Índia,Ásia
ZZ,30228,NOVA YORK,38953,10134,28819,9891,132,111,4684,163,4570,197,150,127,47.356,46.204,1.992,1.517,1.648,1.284,FLAVIO BOLSONARO,22,73.984,2.398,1.152,10997.0,4716.0,5088.0,42.884,46.267,3.32,1.089,27870.0,16580.0,59.49,14.494,USA,Estados Unidos,América do Norte
ZZ,99490,ORLANDO,26386,8994,17392,8868,60,66,6981,71,1332,177,228,79,78.721,15.02,1.996,2.571,0.801,0.891,FLAVIO BOLSONARO,22,65.914,1.401,63.701,,,,,,,,,,,,USA,Estados Unidos,América do Norte
ZZ,30244,OSLO,2185,909,1276,884,9,16,198,17,592,34,18,25,22.398,66.968,3.846,2.036,1.923,2.828,LULA,13,58.398,2.75,-44.57,830.0,549.0,161.0,66.145,19.398,0.823,3.0,1732.0,881.0,50.866,7.532,NOR,Noruega,Europa
ZZ,30252,OTTAWA,2357,1434,923,1361,30,43,395,26,794,54,48,44,29.023,58.339,3.968,3.527,1.91,3.233,LULA,13,39.16,5.091,-29.316,1109.0,564.0,318.0,50.857,28.674,7.482,0.349,1850.0,689.0,37.243,1.917,CAN,Canadá,América do Norte
ZZ,30260,PANAMA,1399,677,722,658,10,9,336,19,236,28,14,25,51.064,35.866,4.255,2.128,2.888,3.799,FLAVIO BOLSONARO,22,51.608,2.806,15.198,678.0,214.0,349.0,31.563,51.475,4.303,-0.411,1320.0,624.0,47.273,4.335,PAN,Panamá,América Central e Caribe
ZZ,30279,PARAMARIBO,1430,560,870,540,12,8,366,7,121,18,15,13,67.778,22.407,3.333,2.778,1.296,2.407,FLAVIO BOLSONARO,22,60.839,3.571,45.371,471.0,125.0,311.0,26.539,66.03,-4.132,1.748,1302.0,811.0,62.289,-1.45,SUR,Suriname,América do Sul
ZZ,30287,PARIS,26957,10540,16417,10341,115,84,1654,119,8054,198,167,149,15.995,77.884,1.915,1.615,1.151,1.441,LULA,13,60.901,1.888,-61.889,10063.0,7809.0,1384.0,77.601,13.753,0.283,2.242,22562.0,12333.0,54.663,6.238,FRA,França,Europa
ZZ,30295,PASO LOS LIBRES,41,5,36,5,0,0,3,0,2,0,0,0,60.0,40.0,0.0,0.0,0.0,0.0,FLAVIO BOLSONARO,22,87.805,0.0,20.0,0.0,0.0,0.0,,,,,18.0,0.0,0.0,87.805,ARG,Argentina,América do Sul
ZZ,30309,PEDRO JUAN CABALLERO,650,323,327,295,18,10,219,2,59,4,4,7,74.237,20.0,1.356,1.356,0.678,2.373,FLAVIO BOLSONARO,22,50.308,8.669,54.237,350.0,92.0,230.0,26.286,65.714,-6.286,8.523,625.0,249.0,39.84,10.468,PRY,Paraguai,América do Sul
ZZ,30317,PEQUIM,342,136,206,134,0,2,22,1,104,3,1,3,16.418,77.612,2.239,0.746,0.746,2.239,LULA,13,60.234,1.471,-61.194,76.0,48.0,19.0,63.158,25.0,14.454,-8.582,280.0,199.0,71.071,-10.837,CHN,China,Ásia
ZZ,30325,PORT OF SPAIN,87,19,68,19,0,0,10,1,4,3,0,1,52.632,21.053,15.789,0.0,5.263,5.263,FLAVIO BOLSONARO,22,78.161,0.0,31.579,34.0,17.0,16.0,50.0,47.059,-28.947,5.573,116.0,81.0,69.828,8.333,TTO,Trinidad e Tobago,América Central e Caribe
ZZ,30341,PORTO,47496,20279,27217,19728,324,227,7559,204,10356,676,652,281,38.316,52.494,3.427,3.305,1.034,1.424,LULA,13,57.304,2.717,-14.178,14618.0,8813.0,4420.0,60.289,30.237,-7.795,8.079,30014.0,14985.0,49.927,7.377,PRT,Portugal,Europa
ZZ,30333,PORTO PRÍNCIPE,33,5,28,5,0,0,0,0,5,0,0,0,0.0,100.0,0.0,0.0,0.0,0.0,LULA,13,84.848,0.0,-100.0,7.0,2.0,4.0,28.571,57.143,71.429,-57.143,44.0,37.0,84.091,0.757,HTI,Haiti,América Central e Caribe
ZZ,30350,PRAGA,690,411,279,397,7,7,70,2,279,13,25,8,17.632,70.277,3.275,6.297,0.504,2.015,LULA,13,40.435,3.406,-52.645,367.0,253.0,58.0,68.937,15.804,1.34,1.828,572.0,190.0,33.217,7.218,CZE,Tchéquia,Europa
ZZ,30368,PRAIA,146,74,72,70,3,1,20,2,39,7,2,0,28.571,55.714,10.0,2.857,2.857,0.0,LULA,13,49.315,5.405,-27.143,65.0,38.0,22.0,58.462,33.846,-2.748,-5.275,103.0,36.0,34.951,14.364,CPV,Cabo Verde,África
ZZ,30376,PRETÓRIA,657,265,392,259,3,3,172,9,62,6,5,5,66.409,23.938,2.317,1.931,3.475,1.931,FLAVIO BOLSONARO,22,59.665,2.264,42.471,303.0,73.0,193.0,24.092,63.696,-0.154,2.713,710.0,399.0,56.197,3.468,ZAF,África do Sul,África
ZZ,99155,PUERTO IGUAZÚ,62,22,40,22,0,0,15,0,7,0,0,0,68.182,31.818,0.0,0.0,0.0,0.0,FLAVIO BOLSONARO,22,64.516,0.0,36.364,4.0,4.0,0.0,100.0,0.0,-68.182,68.182,30.0,26.0,86.667,-22.151,ARG,Argentina,América do Sul
ZZ,99236,PUERTO QUIJARRO,8,0,0,0,0,0,0,0,0,0,0,0,0.0,0.0,0.0,0.0,0.0,0.0,,,0.0,0.0,0.0,0.0,0.0,0.0,,,,,6.0,0.0,0.0,0.0,BOL,Bolívia,América do Sul
ZZ,99295,PYONGYANG,1,0,0,0,0,0,0,0,0,0,0,0,0.0,0.0,0.0,0.0,0.0,0.0,,,0.0,0.0,0.0,,,,,,,,,,,,PRK,Coreia do Norte,Ásia
ZZ,30392,QUITO,993,343,650,328,6,9,171,5,130,9,6,7,52.134,39.634,2.744,1.829,1.524,2.134,FLAVIO BOLSONARO,22,65.458,4.373,12.5,383.0,110.0,231.0,28.721,60.313,10.913,-8.179,1005.0,612.0,60.896,4.562,ECU,Equador,América do Sul
ZZ,30406,RABAT,117,47,70,42,3,2,6,3,30,1,0,2,14.286,71.429,2.381,0.0,7.143,4.762,LULA,13,59.829,10.638,-57.143,53.0,34.0,8.0,64.151,15.094,7.278,-0.808,102.0,49.0,48.039,11.79,MAR,Marrocos,África
ZZ,30414,RAMALLAH,2135,1202,933,1157,16,29,46,2,1078,2,6,23,3.976,93.172,0.173,0.519,0.173,1.988,LULA,13,43.7,3.744,-89.196,698.0,592.0,52.0,84.814,7.45,8.358,-3.474,1419.0,703.0,49.542,-5.842,PSE,Palestina,Oriente Médio
ZZ,30422,RIADE,311,84,227,83,0,1,22,1,52,0,6,2,26.506,62.651,0.0,7.229,1.205,2.41,LULA,13,72.99,1.19,-36.145,54.0,26.0,18.0,48.148,33.333,14.503,-6.827,181.0,126.0,69.613,3.377,SAU,Arábia Saudita,Oriente Médio
ZZ,30430,RIO BRANCO,58,23,35,21,2,0,9,3,7,0,2,0,42.857,33.333,0.0,9.524,14.286,0.0,FLAVIO BOLSONARO,22,60.345,8.696,9.524,23.0,10.0,7.0,43.478,30.435,-10.145,12.422,47.0,21.0,44.681,15.664,URY,Uruguai,América do Sul
ZZ,99244,RIVERA,19,0,0,0,0,0,0,0,0,0,0,0,0.0,0.0,0.0,0.0,0.0,0.0,,,0.0,0.0,0.0,0.0,0.0,0.0,,,,,9.0,0.0,0.0,0.0,URY,Uruguai,América do Sul
ZZ,30449,ROMA,14153,4616,9537,4432,82,102,1478,70,2555,140,94,95,33.348,57.649,3.159,2.121,1.579,2.144,LULA,13,67.385,3.986,-24.301,4189.0,2294.0,1401.0,54.762,33.445,2.887,-0.097,12945.0,8628.0,66.651,0.734,ITA,Itália,Europa
ZZ,99147,SAINT JOHNS,1,0,0,0,0,0,0,0,0,0,0,0,0.0,0.0,0.0,0.0,0.0,0.0,,,0.0,0.0,0.0,0.0,0.0,0.0,,,,,1.0,0.0,0.0,0.0,ATG,Antígua e Barbuda,América Central e Caribe
ZZ,30465,SALTO DEL GUAIRÁ,899,537,362,525,8,4,496,1,19,2,5,2,94.476,3.619,0.381,0.952,0.19,0.381,FLAVIO BOLSONARO,22,40.267,2.235,90.857,575.0,29.0,535.0,5.043,93.043,-1.424,1.433,777.0,198.0,25.483,14.784,PRY,Paraguai,América do Sul
ZZ,30473,SANTA CRUZ DE LA SIERRA,2765,1473,1292,1428,21,24,1162,16,194,17,28,11,81.373,13.585,1.19,1.961,1.12,0.77,FLAVIO BOLSONARO,22,46.727,3.055,67.788,1270.0,191.0,1014.0,15.039,79.843,-1.454,1.53,2324.0,1030.0,44.32,2.407,BOL,Bolívia,América do Sul
ZZ,99279,SANTA ELENA DE UAIRÉN,1,0,0,0,0,0,0,0,0,0,0,0,0.0,0.0,0.0,0.0,0.0,0.0,,,0.0,0.0,0.0,,,,,,,,,,,,VEN,Venezuela,América do Sul
ZZ,30481,SANTIAGO,3551,2069,1482,1971,44,54,809,43,928,68,67,56,41.045,47.083,3.45,3.399,2.182,2.841,LULA,13,41.735,4.737,-6.038,1937.0,869.0,796.0,44.863,41.094,2.22,-0.049,3280.0,1241.0,37.835,3.9,CHL,Chile,América do Sul
ZZ,30988,SARAJEVO,11,0,0,0,0,0,0,0,0,0,0,0,0.0,0.0,0.0,0.0,0.0,0.0,,,0.0,0.0,0.0,0.0,0.0,0.0,,,,,11.0,0.0,0.0,0.0,BIH,Bósnia e Herzegovina,Europa
ZZ,30538,SEUL,485,226,259,216,6,4,72,6,123,6,6,3,33.333,56.944,2.778,2.778,2.778,1.389,LULA,13,53.402,4.425,-23.611,207.0,130.0,53.0,62.802,25.604,-5.858,7.729,376.0,160.0,42.553,10.849,KOR,Coreia do Sul,Ásia
ZZ,29548,SINGAPURA,864,364,500,348,8,8,92,6,190,21,22,17,26.437,54.598,6.034,6.322,1.724,4.885,LULA,13,57.87,4.396,-28.161,390.0,182.0,97.0,46.667,24.872,7.931,1.565,808.0,400.0,49.505,8.365,SGP,Singapura,Ásia
ZZ,99333,ST GEORGES DE LOYAPOCK,10,0,0,0,0,0,0,0,0,0,0,0,0.0,0.0,0.0,0.0,0.0,0.0,,,0.0,0.0,0.0,0.0,0.0,0.0,,,,,11.0,0.0,0.0,0.0,GUF,Guiana Francesa (França),América do Sul
ZZ,30562,SYDNEY,14031,5694,8337,5536,71,87,1774,89,3084,231,221,137,32.045,55.708,4.173,3.992,1.608,2.475,LULA,13,59.418,2.775,-23.663,4388.0,2385.0,1291.0,54.353,29.421,1.355,2.624,10749.0,6201.0,57.689,1.729,AUS,Austrália,Oceania
ZZ,30490,SÃO DOMINGOS,415,197,218,188,2,7,106,3,65,3,4,7,56.383,34.574,1.596,2.128,1.596,3.723,FLAVIO BOLSONARO,22,52.53,4.569,21.809,209.0,65.0,117.0,31.1,55.981,3.474,0.402,410.0,196.0,47.805,4.725,DOM,República Dominicana,América Central e Caribe
ZZ,30503,SÃO FRANCISCO,15492,3896,11596,3782,59,55,1323,84,2176,81,52,66,34.981,57.536,2.142,1.375,2.221,1.745,LULA,13,74.852,2.926,-22.555,4030.0,2174.0,1344.0,53.945,33.35,3.591,1.631,11678.0,7575.0,64.866,9.986,USA,Estados Unidos,América do Norte
ZZ,30511,SÃO JOSÉ,714,376,338,370,4,2,159,3,173,9,9,17,42.973,46.757,2.432,2.432,0.811,4.595,LULA,13,47.339,1.596,-3.784,367.0,136.0,169.0,37.057,46.049,9.7,-3.076,654.0,274.0,41.896,5.443,CRI,Costa Rica,América Central e Caribe
ZZ,30520,SÃO SALVADOR,161,84,77,77,2,5,48,0,23,0,3,3,62.338,29.87,0.0,3.896,0.0,3.896,FLAVIO BOLSONARO,22,47.826,8.333,32.468,74.0,22.0,41.0,29.73,55.405,0.14,6.933,142.0,65.0,45.775,2.051,SLV,El Salvador,América Central e Caribe
ZZ,39225,SÃO TOMÉ,18,0,0,0,0,0,0,0,0,0,0,0,0.0,0.0,0.0,0.0,0.0,0.0,,,0.0,0.0,0.0,0.0,0.0,0.0,,,,,7.0,0.0,0.0,0.0,STP,São Tomé e Príncipe,África
ZZ,30546,SÓFIA,98,49,49,47,0,2,8,0,34,4,0,1,17.021,72.34,8.511,0.0,0.0,2.128,LULA,13,50.0,4.082,-55.319,33.0,22.0,6.0,66.667,18.182,5.673,-1.161,55.0,20.0,36.364,13.636,BGR,Bulgária,Europa
ZZ,30570,TAIPÉ,622,231,391,218,6,7,107,2,77,6,14,12,49.083,35.321,2.752,6.422,0.917,5.505,FLAVIO BOLSONARO,22,62.862,5.628,13.762,223.0,79.0,100.0,35.426,44.843,-0.105,4.24,607.0,369.0,60.791,2.071,TWN,Taiwan,Ásia
ZZ,99317,TALIN,320,197,123,190,3,4,19,5,142,9,8,7,10.0,74.737,4.737,4.211,2.632,3.684,LULA,13,38.438,3.553,-64.737,186.0,148.0,16.0,79.57,8.602,-4.833,1.398,250.0,60.0,24.0,14.438,EST,Estônia,Europa
ZZ,99104,TBILISI,29,0,0,0,0,0,0,0,0,0,0,0,0.0,0.0,0.0,0.0,0.0,0.0,,,0.0,0.0,0.0,0.0,0.0,0.0,,,,,4.0,0.0,0.0,0.0,GEO,Geórgia,Ásia
ZZ,30597,TEERÃ,45,25,20,25,0,0,11,0,14,0,0,0,44.0,56.0,0.0,0.0,0.0,0.0,LULA,13,44.444,0.0,-12.0,17.0,7.0,9.0,41.176,52.941,14.824,-8.941,39.0,21.0,53.846,-9.402,IRN,Irã,Oriente Médio
ZZ,30600,TEGUCIGALPA,152,59,93,59,0,0,34,2,17,3,1,2,57.627,28.814,5.085,1.695,3.39,3.39,FLAVIO BOLSONARO,22,61.184,0.0,28.813,88.0,35.0,47.0,39.773,53.409,-10.959,4.218,196.0,107.0,54.592,6.592,HND,Honduras,América Central e Caribe
ZZ,30619,TEL AVIV,3442,730,2712,704,14,12,523,24,92,25,27,13,74.29,13.068,3.551,3.835,3.409,1.847,FLAVIO BOLSONARO,22,78.791,3.562,61.222,696.0,274.0,320.0,39.368,45.977,-26.3,28.313,2852.0,2123.0,74.439,4.352,ISR,Israel,Oriente Médio
ZZ,99139,TIRANA,9,0,0,0,0,0,0,0,0,0,0,0,0.0,0.0,0.0,0.0,0.0,0.0,,,0.0,0.0,0.0,0.0,0.0,0.0,,,,,6.0,0.0,0.0,0.0,ALB,Albânia,Europa
ZZ,30635,TORONTO,20953,8999,11954,8697,129,173,3319,94,4670,205,248,161,38.163,53.697,2.357,2.852,1.081,1.851,LULA,13,57.051,3.356,-15.534,9222.0,4663.0,3425.0,50.564,37.139,3.133,1.024,17712.0,8243.0,46.539,10.512,CAN,Canadá,América do Norte
ZZ,30686,TRÍPOLI,30,2,28,2,0,0,0,0,2,0,0,0,0.0,100.0,0.0,0.0,0.0,0.0,LULA,13,93.333,0.0,-100.0,0.0,0.0,0.0,,,,,17.0,0.0,0.0,93.333,LBY,Líbia,África
ZZ,30708,TUNIS,47,22,25,22,0,0,9,0,12,1,0,0,40.909,54.545,4.545,0.0,0.0,0.0,LULA,13,53.191,0.0,-13.636,14.0,8.0,6.0,57.143,42.857,-2.598,-1.948,34.0,20.0,58.824,-5.633,TUN,Tunísia,África
ZZ,30627,TÓQUIO,30028,13392,16636,12400,642,350,8423,238,2328,518,397,496,67.927,18.774,4.177,3.202,1.919,4.0,FLAVIO BOLSONARO,22,55.402,7.407,49.153,12105.0,1966.0,8103.0,16.241,66.939,2.533,0.988,28688.0,15663.0,54.598,0.804,JPN,Japão,Ásia
ZZ,39284,UAGADUGU,6,0,0,0,0,0,0,0,0,0,0,0,0.0,0.0,0.0,0.0,0.0,0.0,,,0.0,0.0,0.0,0.0,0.0,0.0,,,,,7.0,0.0,0.0,0.0,BFA,Burkina Faso,África
ZZ,39063,VANCOUVER,12082,5912,6170,5711,93,108,1873,77,3221,181,192,167,32.796,56.4,3.169,3.362,1.348,2.924,LULA,13,51.068,3.4,-23.604,5641.0,3119.0,1712.0,55.292,30.349,1.108,2.447,9970.0,4107.0,41.194,9.874,CAN,Canadá,América do Norte
ZZ,30740,VARSÓVIA,748,291,457,282,2,7,65,4,183,7,12,11,23.05,64.894,2.482,4.255,1.418,3.901,LULA,13,61.096,3.093,-41.844,311.0,213.0,55.0,68.489,17.685,-3.595,5.365,580.0,267.0,46.034,15.062,POL,Polônia,Europa
ZZ,30767,VIENA,3134,1522,1612,1471,26,25,311,38,979,53,37,53,21.142,66.553,3.603,2.515,2.583,3.603,LULA,13,51.436,3.351,-45.411,1386.0,864.0,313.0,62.338,22.583,4.215,-1.441,2912.0,1467.0,50.378,1.058,AUT,Áustria,Europa
ZZ,30783,WASHINGTON,18146,4836,13310,4706,72,58,1858,109,2419,111,113,96,39.482,51.402,2.359,2.401,2.316,2.04,LULA,13,73.349,2.688,-11.92,5010.0,2271.0,2089.0,45.329,41.697,6.073,-2.215,14038.0,8923.0,63.563,9.786,USA,Estados Unidos,América do Norte
ZZ,30805,WELLINGTON,3118,339,2779,332,4,3,64,5,234,6,13,10,19.277,70.482,1.807,3.916,1.506,3.012,LULA,13,89.128,2.065,-51.205,451.0,329.0,71.0,72.949,15.743,-2.467,3.534,2943.0,2485.0,84.438,4.69,NZL,Nova Zelândia,Oceania
ZZ,30821,WINDHOEK,37,13,24,13,0,0,5,0,6,1,0,1,38.462,46.154,7.692,0.0,0.0,7.692,LULA,13,64.865,0.0,-7.692,39.0,4.0,33.0,10.256,84.615,35.898,-46.153,71.0,31.0,43.662,21.203,NAM,Namíbia,África
ZZ,30848,XANGAI,739,197,542,181,3,13,41,3,116,7,9,5,22.652,64.088,3.867,4.972,1.657,2.762,LULA,13,73.342,8.122,-41.436,179.0,93.0,48.0,51.955,26.816,12.133,-4.164,695.0,495.0,71.223,2.119,CHN,China,Ásia
ZZ,99376,YANGON,6,0,0,0,0,0,0,0,0,0,0,0,0.0,0.0,0.0,0.0,0.0,0.0,,,0.0,0.0,0.0,0.0,0.0,0.0,,,,,8.0,0.0,0.0,0.0,MMR,Mianmar,Ásia
ZZ,39020,ZAGREB,136,52,84,48,1,3,17,0,29,1,0,1,35.417,60.417,2.083,0.0,0.0,2.083,LULA,13,61.765,7.692,-25.0,46.0,25.0,14.0,54.348,30.435,6.069,4.982,98.0,52.0,53.061,8.704,HRV,Croácia,Europa
ZZ,30864,ZURIQUE,15099,6001,9098,5790,124,87,2299,96,2896,236,130,133,39.706,50.017,4.076,2.245,1.658,2.297,LULA,13,60.256,3.516,-10.311,5690.0,2683.0,2243.0,47.153,39.42,2.864,0.286,13718.0,7753.0,56.517,3.739,CHE,Suíça,Europa
