iso3,pais,continente,eleitores,comparecimento,abstencao,validos,brancos,nulos,v_flavio,v_lula,v_cury,v_renan,v_caiado,v_outros,validos22,v_lula22,v_bolsonaro22,cidades,p_flavio,p_lula,p_cury,p_renan,p_caiado,p_outros,p_abstencao,p_lula22,p_bolsonaro22
USA,Estados Unidos,América do Norte,265022,75389,189633,73661,895,833,45004,23335,1658,1473,1109,1082,65339.0,20541.0,37848.0,11,61.096,31.679,2.251,2.0,1.506,1.469,71.554,31.438,57.926
PRT,Portugal,Europa,134374,51683,82691,50334,761,588,19412,26401,1680,1580,586,675,36165.0,21839.0,11218.0,3,38.566,52.452,3.338,3.139,1.164,1.341,61.538,60.387,31.019
JPN,Japão,Ásia,88293,36627,51666,34281,1441,905,24601,5234,1501,1197,595,1153,31860.0,4297.0,23007.0,3,71.763,15.268,4.379,3.492,1.736,3.363,58.517,13.487,72.213
CAN,Canadá,América do Norte,46345,22446,23899,21658,356,432,7043,12508,635,678,281,513,21694.0,11821.0,6859.0,4,32.519,57.752,2.932,3.13,1.297,2.369,51.568,54.49,31.617
GBR,Reino Unido,Europa,41895,15491,26404,15149,169,173,5366,8640,346,378,180,239,14796.0,8165.0,5170.0,2,35.421,57.033,2.284,2.495,1.188,1.578,63.024,55.184,34.942
DEU,Alemanha,Europa,41401,19246,22155,18802,197,247,3532,13525,570,422,264,489,17101.0,11875.0,3170.0,3,18.785,71.934,3.032,2.244,1.404,2.601,53.513,69.44,18.537
ESP,Espanha,Europa,40718,12018,28700,11597,234,187,3338,7263,322,273,170,231,9810.0,5912.0,2905.0,2,28.783,62.628,2.777,2.354,1.466,1.992,70.485,60.265,29.613
ITA,Itália,Europa,38747,12071,26676,11595,239,237,4386,6148,375,265,187,234,10415.0,5418.0,3884.0,2,37.827,53.023,3.234,2.285,1.613,2.018,68.847,52.021,37.292
FRA,França,Europa,29617,11415,18202,11209,119,87,1758,8769,211,186,120,165,10063.0,7809.0,1384.0,2,15.684,78.232,1.882,1.659,1.071,1.472,61.458,77.601,13.753
CHE,Suíça,Europa,26982,11238,15744,10853,221,164,4525,5194,434,252,205,243,10183.0,4664.0,4173.0,2,41.694,47.858,3.999,2.322,1.889,2.239,58.35,45.802,40.98
AUS,Austrália,Oceania,20274,8399,11875,8129,121,149,2579,4562,331,316,121,220,6352.0,3485.0,1826.0,2,31.726,56.12,4.072,3.887,1.488,2.706,58.573,54.865,28.747
IRL,Irlanda,Europa,16720,8417,8303,8299,47,71,1559,6025,225,312,56,122,7594.0,5951.0,1038.0,1,18.785,72.599,2.711,3.759,0.675,1.47,49.659,78.364,13.669
ARG,Argentina,América do Sul,13004,5954,7050,5815,81,58,1681,3747,124,138,62,63,7293.0,4634.0,2125.0,5,28.908,64.437,2.132,2.373,1.066,1.083,54.214,63.54,29.138
NLD,Países Baixos,Europa,12752,6450,6302,6274,93,83,1081,4624,156,164,81,168,5770.0,4094.0,961.0,1,17.23,73.701,2.486,2.614,1.291,2.678,49.42,70.953,16.655
BEL,Bélgica,Europa,10073,5091,4982,4975,63,53,1959,2516,184,121,98,97,3646.0,1984.0,1271.0,1,39.377,50.573,3.698,2.432,1.97,1.95,49.459,54.416,34.86
PRY,Paraguai,América do Sul,9207,4782,4425,4560,149,73,3848,546,44,59,24,39,5112.0,634.0,4244.0,6,84.386,11.974,0.965,1.294,0.526,0.855,48.061,12.402,83.02
LBN,Líbano,Oriente Médio,8919,4097,4822,3883,91,123,1138,2538,49,13,49,96,2850.0,1601.0,947.0,1,29.307,65.362,1.262,0.335,1.262,2.472,54.064,56.175,33.228
SWE,Suécia,Europa,4866,2607,2259,2540,31,36,505,1770,84,70,41,70,2433.0,1632.0,421.0,1,19.882,69.685,3.307,2.756,1.614,2.756,46.424,67.078,17.304
MEX,México,América do Norte,3958,1315,2643,1285,10,20,589,585,40,22,25,24,1389.0,614.0,595.0,1,45.837,45.525,3.113,1.712,1.946,1.868,66.776,44.204,42.837
BOL,Bolívia,América do Sul,3604,1911,1684,1837,37,37,1387,349,22,37,23,19,1731.0,347.0,1277.0,5,75.504,18.998,1.198,2.014,1.252,1.034,46.726,20.046,73.772
CHL,Chile,América do Sul,3551,2069,1482,1971,44,54,809,928,68,67,43,56,1937.0,869.0,796.0,1,41.045,47.083,3.45,3.399,2.182,2.841,41.735,44.863,41.094
ISR,Israel,Oriente Médio,3442,730,2712,704,14,12,523,92,25,27,24,13,696.0,274.0,320.0,1,74.29,13.068,3.551,3.835,3.409,1.847,78.791,39.368,45.977
URY,Uruguai,América do Sul,3163,1751,1366,1651,57,43,701,797,49,30,33,41,1725.0,813.0,686.0,5,42.459,48.274,2.968,1.817,1.999,2.483,43.187,47.13,39.768
AUT,Áustria,Europa,3134,1522,1612,1471,26,25,311,979,53,37,38,53,1386.0,864.0,313.0,1,21.142,66.553,3.603,2.515,2.583,3.603,51.436,62.338,22.583
GUF,Guiana Francesa (França),América do Sul,3127,1152,1965,1084,42,26,518,484,38,16,12,16,1371.0,584.0,666.0,2,47.786,44.649,3.506,1.476,1.107,1.476,62.84,42.597,48.578
NZL,Nova Zelândia,Oceania,3118,339,2779,332,4,3,64,234,6,13,5,10,451.0,329.0,71.0,1,19.277,70.482,1.807,3.916,1.506,3.012,89.128,72.949,15.743
ARE,Emirados Árabes Unidos,Oriente Médio,2988,1396,1592,1355,13,28,659,512,56,64,26,38,955.0,352.0,464.0,1,48.635,37.786,4.133,4.723,1.919,2.804,53.28,36.859,48.586
DNK,Dinamarca,Europa,2856,1522,1334,1476,23,23,195,1166,41,28,18,28,1222.0,936.0,147.0,1,13.211,78.997,2.778,1.897,1.22,1.897,46.709,76.596,12.029
NOR,Noruega,Europa,2185,909,1276,884,9,16,198,592,34,18,17,25,830.0,549.0,161.0,1,22.398,66.968,3.846,2.036,1.923,2.828,58.398,66.145,19.398
CHN,China,Ásia,2168,696,1472,651,15,30,203,367,21,28,16,16,520.0,221.0,207.0,4,31.183,56.375,3.226,4.301,2.458,2.458,67.897,42.5,39.808
PSE,Palestina,Oriente Médio,2135,1202,933,1157,16,29,46,1078,2,6,2,23,698.0,592.0,52.0,1,3.976,93.172,0.173,0.519,0.173,1.988,43.7,84.814,7.45
PER,Peru,América do Sul,1633,760,856,730,18,12,380,248,31,27,23,21,788.0,273.0,384.0,2,52.055,33.973,4.247,3.699,3.151,2.877,52.419,34.645,48.731
COL,Colômbia,América do Sul,1499,556,943,527,23,6,252,245,12,5,8,5,691.0,365.0,242.0,1,47.818,46.49,2.277,0.949,1.518,0.949,62.909,52.822,35.022
JOR,Jordânia,Oriente Médio,1489,833,656,783,19,31,59,675,8,2,13,26,552.0,338.0,107.0,1,7.535,86.207,1.022,0.255,1.66,3.321,44.056,61.232,19.384
SUR,Suriname,América do Sul,1430,560,870,540,12,8,366,121,18,15,7,13,471.0,125.0,311.0,1,67.778,22.407,3.333,2.778,1.296,2.407,60.839,26.539,66.03
PAN,Panamá,América Central e Caribe,1399,677,722,658,10,9,336,236,28,14,19,25,678.0,214.0,349.0,1,51.064,35.866,4.255,2.128,2.888,3.799,51.608,31.563,51.475
FIN,Finlândia,Europa,1278,718,560,693,14,11,155,475,14,22,10,17,625.0,390.0,127.0,1,22.367,68.543,2.02,3.175,1.443,2.453,43.818,62.4,20.32
GRC,Grécia,Europa,1211,508,703,494,8,6,230,196,21,6,10,31,437.0,164.0,205.0,1,46.559,39.676,4.251,1.215,2.024,6.275,58.051,37.529,46.911
VEN,Venezuela,América do Sul,1067,264,802,262,2,0,125,128,1,2,3,3,0.0,0.0,0.0,3,47.71,48.855,0.382,0.763,1.145,1.145,75.164,,
ZAF,África do Sul,África,1012,435,577,419,6,10,230,152,10,6,14,7,458.0,155.0,242.0,2,54.893,36.277,2.387,1.432,3.341,1.671,57.016,33.843,52.838
ECU,Equador,América do Sul,993,343,650,328,6,9,171,130,9,6,5,7,383.0,110.0,231.0,1,52.134,39.634,2.744,1.829,1.524,2.134,65.458,28.721,60.313
SGP,Singapura,Ásia,864,364,500,348,8,8,92,190,21,22,6,17,390.0,182.0,97.0,1,26.437,54.598,6.034,6.322,1.724,4.885,57.87,46.667,24.872
HUN,Hungria,Europa,810,471,339,464,5,2,93,331,15,12,3,10,607.0,491.0,72.0,1,20.043,71.336,3.233,2.586,0.647,2.155,41.852,80.89,11.862
SYR,Síria,Oriente Médio,775,118,657,108,1,9,7,97,1,0,2,1,0.0,0.0,0.0,1,6.481,89.815,0.926,0.0,1.852,0.926,84.774,,
QAT,Catar,Oriente Médio,758,364,394,357,4,3,173,147,10,15,4,8,360.0,132.0,192.0,1,48.459,41.176,2.801,4.202,1.12,2.241,51.979,36.667,53.333
POL,Polônia,Europa,748,291,457,282,2,7,65,183,7,12,4,11,311.0,213.0,55.0,1,23.05,64.894,2.482,4.255,1.418,3.901,61.096,68.489,17.685
AGO,Angola,África,716,270,446,264,2,4,101,147,3,6,4,3,236.0,124.0,93.0,1,38.258,55.682,1.136,2.273,1.515,1.136,62.291,52.542,39.407
CRI,Costa Rica,América Central e Caribe,714,376,338,370,4,2,159,173,9,9,3,17,367.0,136.0,169.0,1,42.973,46.757,2.432,2.432,0.811,4.595,47.339,37.057,46.049
CZE,Tchéquia,Europa,690,411,279,397,7,7,70,279,13,25,2,8,367.0,253.0,58.0,1,17.632,70.277,3.275,6.297,0.504,2.015,40.435,68.937,15.804
TWN,Taiwan,Ásia,622,231,391,218,6,7,107,77,6,14,2,12,223.0,79.0,100.0,1,49.083,35.321,2.752,6.422,0.917,5.505,62.862,35.426,44.843
MOZ,Moçambique,África,557,228,329,214,2,12,113,89,5,1,1,5,291.0,117.0,150.0,1,52.804,41.589,2.336,0.467,0.467,2.336,59.066,40.206,51.546
KOR,Coreia do Sul,Ásia,485,226,259,216,6,4,72,123,6,6,6,3,207.0,130.0,53.0,1,33.333,56.944,2.778,2.778,2.778,1.389,53.402,62.802,25.604
DOM,República Dominicana,América Central e Caribe,415,197,218,188,2,7,106,65,3,4,3,7,209.0,65.0,117.0,1,56.383,34.574,1.596,2.128,1.596,3.723,52.53,31.1,55.981
TUR,Turquia,Europa,404,166,238,164,0,2,37,114,5,1,2,5,153.0,91.0,51.0,2,22.561,69.512,3.049,0.61,1.22,3.049,58.911,59.477,33.333
EST,Estônia,Europa,320,197,123,190,3,4,19,142,9,8,5,7,186.0,148.0,16.0,1,10.0,74.737,4.737,4.211,2.632,3.684,38.438,79.57,8.602
SAU,Arábia Saudita,Oriente Médio,311,84,227,83,0,1,22,52,0,6,1,2,54.0,26.0,18.0,1,26.506,62.651,0.0,7.229,1.205,2.41,72.99,48.148,33.333
THA,Tailândia,Ásia,310,102,208,99,3,0,51,40,3,3,0,2,105.0,46.0,42.0,1,51.515,40.404,3.03,3.03,0.0,2.02,67.097,43.81,40.0
GTM,Guatemala,América Central e Caribe,284,120,164,118,0,2,67,33,10,6,1,1,147.0,32.0,90.0,1,56.78,27.966,8.475,5.085,0.847,0.847,57.746,21.769,61.224
RUS,Rússia,Europa,252,85,167,81,0,4,25,49,0,0,2,5,84.0,45.0,28.0,1,30.864,60.494,0.0,0.0,2.469,6.173,66.27,53.571,33.333
PHL,Filipinas,Ásia,229,63,166,62,0,1,33,26,0,2,1,0,63.0,20.0,35.0,1,53.226,41.935,0.0,3.226,1.613,0.0,72.489,31.746,55.556
EGY,Egito,África,203,69,134,64,2,3,12,46,3,0,2,1,70.0,42.0,21.0,1,18.75,71.875,4.688,0.0,3.125,1.562,66.01,60.0,30.0
IND,Índia,Ásia,196,61,135,61,0,0,27,29,1,3,0,1,53.0,36.0,14.0,2,44.262,47.541,1.639,4.918,0.0,1.639,68.878,67.925,26.415
GUY,Guiana,América do Sul,178,53,125,53,0,0,43,7,1,1,0,1,70.0,7.0,55.0,1,81.132,13.208,1.887,1.887,0.0,1.887,70.225,10.0,78.571
IDN,Indonésia,Ásia,172,31,141,31,0,0,19,8,2,1,0,1,50.0,16.0,30.0,1,61.29,25.806,6.452,3.226,0.0,3.226,81.977,32.0,60.0
MYS,Malásia,Ásia,170,83,87,82,0,1,27,44,3,7,0,1,57.0,27.0,24.0,1,32.927,53.659,3.659,8.537,0.0,1.22,51.176,47.368,42.105
SVN,Eslovênia,Europa,162,103,59,98,2,3,25,61,1,2,6,3,76.0,50.0,15.0,1,25.51,62.245,1.02,2.041,6.122,3.061,36.42,65.789,19.737
SLV,El Salvador,América Central e Caribe,161,84,77,77,2,5,48,23,0,3,0,3,74.0,22.0,41.0,1,62.338,29.87,0.0,3.896,0.0,3.896,47.826,29.73,55.405
HND,Honduras,América Central e Caribe,152,59,93,59,0,0,34,17,3,1,2,2,88.0,35.0,47.0,1,57.627,28.814,5.085,1.695,3.39,3.39,61.184,39.773,53.409
CPV,Cabo Verde,África,146,74,72,70,3,1,20,39,7,2,2,0,65.0,38.0,22.0,1,28.571,55.714,10.0,2.857,2.857,0.0,49.315,58.462,33.846
KWT,Kuwait,Oriente Médio,138,77,61,73,1,3,12,54,5,0,2,0,43.0,9.0,27.0,1,16.438,73.973,6.849,0.0,2.74,0.0,44.203,20.93,62.791
CYP,Chipre,Europa,137,58,79,57,0,1,20,24,5,2,4,2,25.0,13.0,7.0,1,35.088,42.105,8.772,3.509,7.018,3.509,57.664,52.0,28.0
HRV,Croácia,Europa,136,52,84,48,1,3,17,29,1,0,0,1,46.0,25.0,14.0,1,35.417,60.417,2.083,0.0,0.0,2.083,61.765,54.348,30.435
NIC,Nicarágua,América Central e Caribe,134,75,59,69,2,4,35,33,0,0,0,1,79.0,34.0,32.0,1,50.725,47.826,0.0,0.0,0.0,1.449,44.03,43.038,40.506
SEN,Senegal,África,132,80,52,79,1,0,24,51,1,0,1,2,55.0,26.0,23.0,1,30.38,64.557,1.266,0.0,1.266,2.532,39.394,47.273,41.818
ROU,Romênia,Europa,130,62,68,62,0,0,22,31,6,1,1,1,54.0,29.0,12.0,1,35.484,50.0,9.677,1.613,1.613,1.613,52.308,53.704,22.222
SVK,Eslováquia,Europa,129,61,68,58,2,1,13,35,5,3,2,0,66.0,24.0,14.0,1,22.414,60.345,8.621,5.172,3.448,0.0,52.713,36.364,21.212
MAR,Marrocos,África,117,47,70,42,3,2,6,30,1,0,3,2,53.0,34.0,8.0,1,14.286,71.429,2.381,0.0,7.143,4.762,59.829,64.151,15.094
SRB,Sérvia,Europa,115,48,67,48,0,0,13,30,2,2,1,0,49.0,30.0,8.0,1,27.083,62.5,4.167,4.167,2.083,0.0,58.261,61.224,16.327
KEN,Quênia,África,112,47,65,46,1,0,17,26,1,1,1,0,51.0,25.0,23.0,1,36.957,56.522,2.174,2.174,2.174,0.0,58.036,49.02,45.098
JAM,Jamaica,América Central e Caribe,103,19,84,19,0,0,14,4,0,0,1,0,13.0,7.0,6.0,1,73.684,21.053,0.0,0.0,5.263,0.0,81.553,53.846,46.154
BGR,Bulgária,Europa,98,49,49,47,0,2,8,34,4,0,0,1,33.0,22.0,6.0,1,17.021,72.34,8.511,0.0,0.0,2.128,50.0,66.667,18.182
OMN,Omã,Oriente Médio,97,38,59,36,1,1,20,12,4,0,0,0,41.0,11.0,25.0,1,55.556,33.333,11.111,0.0,0.0,0.0,60.825,26.829,60.976
CUB,Cuba,América Central e Caribe,92,40,52,38,1,1,1,36,0,0,0,1,31.0,28.0,1.0,1,2.632,94.737,0.0,0.0,0.0,2.632,56.522,90.323,3.226
CIV,Costa do Marfim,África,91,44,47,44,0,0,13,24,1,1,2,3,46.0,21.0,18.0,1,29.545,54.545,2.273,2.273,4.545,6.818,51.648,45.652,39.13
TLS,Timor-Leste,Ásia,89,47,42,46,1,0,27,16,2,0,0,1,65.0,18.0,37.0,1,58.696,34.783,4.348,0.0,0.0,2.174,47.191,27.692,56.923
GNB,Guiné-Bissau,África,88,37,51,37,0,0,17,17,2,1,0,0,44.0,23.0,21.0,1,45.946,45.946,5.405,2.703,0.0,0.0,57.955,52.273,47.727
TTO,Trinidad e Tobago,América Central e Caribe,87,19,68,19,0,0,10,4,3,0,1,1,34.0,17.0,16.0,1,52.632,21.053,15.789,0.0,5.263,5.263,78.161,50.0,47.059
NGA,Nigéria,África,85,33,49,32,1,0,6,26,0,0,0,0,28.0,16.0,7.0,2,18.75,81.25,0.0,0.0,0.0,0.0,57.647,57.143,25.0
VNM,Vietnã,Ásia,82,32,50,29,1,2,14,13,0,1,0,1,20.0,13.0,4.0,1,48.276,44.828,0.0,3.448,0.0,3.448,60.976,65.0,20.0
BHS,Bahamas,América Central e Caribe,69,19,50,19,0,0,10,6,1,0,1,1,25.0,8.0,15.0,1,52.632,31.579,5.263,0.0,5.263,5.263,72.464,32.0,60.0
BHR,Bahrein,Oriente Médio,69,49,20,47,0,2,27,17,2,1,0,0,38.0,10.0,22.0,1,57.447,36.17,4.255,2.128,0.0,0.0,28.986,26.316,57.895
UKR,Ucrânia,Europa,65,23,42,23,0,0,19,4,0,0,0,0,0.0,0.0,0.0,1,82.609,17.391,0.0,0.0,0.0,0.0,64.615,,
DZA,Argélia,África,48,31,17,31,0,0,3,27,0,0,0,1,0.0,0.0,0.0,1,9.677,87.097,0.0,0.0,0.0,3.226,35.417,,
TUN,Tunísia,África,47,22,25,22,0,0,9,12,1,0,0,0,14.0,8.0,6.0,1,40.909,54.545,4.545,0.0,0.0,0.0,53.191,57.143,42.857
IRN,Irã,Oriente Médio,45,25,20,25,0,0,11,14,0,0,0,0,17.0,7.0,9.0,1,44.0,56.0,0.0,0.0,0.0,0.0,44.444,41.176,52.941
GHA,Gana,África,43,13,30,13,0,0,2,8,2,0,1,0,22.0,12.0,9.0,1,15.385,61.538,15.385,0.0,7.692,0.0,69.767,54.545,40.909
NAM,Namíbia,África,37,13,24,13,0,0,5,6,1,0,0,1,39.0,4.0,33.0,1,38.462,46.154,7.692,0.0,0.0,7.692,64.865,10.256,84.615
TZA,Tanzânia,África,34,16,18,16,0,0,5,11,0,0,0,0,8.0,6.0,2.0,1,31.25,68.75,0.0,0.0,0.0,0.0,52.941,75.0,25.0
HTI,Haiti,América Central e Caribe,33,5,28,5,0,0,0,5,0,0,0,0,7.0,2.0,4.0,1,0.0,100.0,0.0,0.0,0.0,0.0,84.848,28.571,57.143
NPL,Nepal,Ásia,32,13,19,13,0,0,11,1,1,0,0,0,15.0,1.0,14.0,1,84.615,7.692,7.692,0.0,0.0,0.0,59.375,6.667,93.333
LBY,Líbia,África,30,2,28,2,0,0,0,2,0,0,0,0,0.0,0.0,0.0,1,0.0,100.0,0.0,0.0,0.0,0.0,93.333,,
GEO,Geórgia,Ásia,29,0,0,0,0,0,0,0,0,0,0,0,0.0,0.0,0.0,1,,,,,,,0.0,,
COD,Rep. Dem. do Congo,África,27,0,0,0,0,0,0,0,0,0,0,0,17.0,2.0,14.0,1,,,,,,,0.0,11.765,82.353
ZMB,Zâmbia,África,25,0,0,0,0,0,0,0,0,0,0,0,14.0,11.0,2.0,1,,,,,,,0.0,78.571,14.286
BRB,Barbados,América Central e Caribe,22,0,0,0,0,0,0,0,0,0,0,0,0.0,0.0,0.0,1,,,,,,,0.0,,
GAB,Gabão,África,18,0,0,0,0,0,0,0,0,0,0,0,0.0,0.0,0.0,1,,,,,,,0.0,,
STP,São Tomé e Príncipe,África,18,0,0,0,0,0,0,0,0,0,0,0,0.0,0.0,0.0,1,,,,,,,0.0,,
PAK,Paquistão,Ásia,18,0,0,0,0,0,0,0,0,0,0,0,0.0,0.0,0.0,1,,,,,,,0.0,,
CMR,Camarões,África,14,0,0,0,0,0,0,0,0,0,0,0,0.0,0.0,0.0,1,,,,,,,0.0,,
BLZ,Belize,América Central e Caribe,13,0,0,0,0,0,0,0,0,0,0,0,0.0,0.0,0.0,1,,,,,,,0.0,,
ARM,Armênia,Ásia,13,0,0,0,0,0,0,0,0,0,0,0,0.0,0.0,0.0,1,,,,,,,0.0,,
KAZ,Cazaquistão,Ásia,13,0,0,0,0,0,0,0,0,0,0,0,0.0,0.0,0.0,1,,,,,,,0.0,,
LKA,Sri Lanka,Ásia,12,0,0,0,0,0,0,0,0,0,0,0,0.0,0.0,0.0,1,,,,,,,0.0,,
BIH,Bósnia e Herzegovina,Europa,11,0,0,0,0,0,0,0,0,0,0,0,0.0,0.0,0.0,1,,,,,,,0.0,,
IRQ,Iraque,Oriente Médio,10,0,0,0,0,0,0,0,0,0,0,0,0.0,0.0,0.0,1,,,,,,,0.0,,
BWA,Botsuana,África,10,0,0,0,0,0,0,0,0,0,0,0,0.0,0.0,0.0,1,,,,,,,0.0,,
ALB,Albânia,Europa,9,0,0,0,0,0,0,0,0,0,0,0,0.0,0.0,0.0,1,,,,,,,0.0,,
BEN,Benin,África,8,0,0,0,0,0,0,0,0,0,0,0,0.0,0.0,0.0,1,,,,,,,0.0,,
LCA,Santa Lúcia,América Central e Caribe,7,0,0,0,0,0,0,0,0,0,0,0,0.0,0.0,0.0,1,,,,,,,0.0,,
TGO,Togo,África,7,0,0,0,0,0,0,0,0,0,0,0,0.0,0.0,0.0,1,,,,,,,0.0,,
ZWE,Zimbábue,África,7,0,0,0,0,0,0,0,0,0,0,0,0.0,0.0,0.0,1,,,,,,,0.0,,
MWI,Malawi,África,6,0,0,0,0,0,0,0,0,0,0,0,0.0,0.0,0.0,1,,,,,,,0.0,,
MMR,Mianmar,Ásia,6,0,0,0,0,0,0,0,0,0,0,0,0.0,0.0,0.0,1,,,,,,,0.0,,
BFA,Burkina Faso,África,6,0,0,0,0,0,0,0,0,0,0,0,0.0,0.0,0.0,1,,,,,,,0.0,,
GIN,Guiné,África,5,0,0,0,0,0,0,0,0,0,0,0,0.0,0.0,0.0,1,,,,,,,0.0,,
AZE,Azerbaijão,Ásia,5,0,0,0,0,0,0,0,0,0,0,0,0.0,0.0,0.0,1,,,,,,,0.0,,
GNQ,Guiné Equatorial,África,5,0,0,0,0,0,0,0,0,0,0,0,0.0,0.0,0.0,1,,,,,,,0.0,,
MLI,Mali,África,5,0,0,0,0,0,0,0,0,0,0,0,0.0,0.0,0.0,1,,,,,,,0.0,,
ETH,Etiópia,África,3,0,0,0,0,0,0,0,0,0,0,0,0.0,0.0,0.0,1,,,,,,,0.0,,
COG,Congo,África,2,0,0,0,0,0,0,0,0,0,0,0,0.0,0.0,0.0,1,,,,,,,0.0,,
BGD,Bangladesh,Ásia,1,0,0,0,0,0,0,0,0,0,0,0,0.0,0.0,0.0,1,,,,,,,0.0,,
ATG,Antígua e Barbuda,América Central e Caribe,1,0,0,0,0,0,0,0,0,0,0,0,0.0,0.0,0.0,1,,,,,,,0.0,,
PRK,Coreia do Norte,Ásia,1,0,0,0,0,0,0,0,0,0,0,0,0.0,0.0,0.0,1,,,,,,,0.0,,
