uf,nome,eleitores,comparecimento,abstencao,validos,brancos,nulos,v_flavio,v_caiado,v_lula,v_cury,v_renan,v_outros,p_flavio,p_lula,p_cury,p_renan,p_caiado,p_outros,vencedor,vencedor_num,p_abstencao,p_brancos_nulos,margem_flavio_lula,validos22,v_lula22,v_bolsonaro22,p_lula22,p_bolsonaro22,d_lula,d_bolsonarismo,regiao
AC,Acre,613742,488330,125412,469066,5579,13685,302807,8594,134770,13523,7980,1392,64.555,28.732,2.883,1.701,1.832,0.297,FLAVIO BOLSONARO,22,20.434,3.945,35.823,440917.0,129022.0,275582.0,29.262,62.502,-0.53,2.053,Norte
AL,Alagoas,2442126,1938428,503698,1818856,33712,85860,735718,14198,995459,42427,26851,4203,40.449,54.73,2.333,1.476,0.781,0.231,LULA,13,20.625,6.169,-14.281,1724217.0,974156.0,621515.0,56.498,36.046,-1.768,4.403,Nordeste
AP,Amapá,576988,476562,100426,464858,4415,7289,212278,8304,212503,19057,11342,1374,45.665,45.714,4.1,2.44,1.786,0.296,LULA,13,17.405,2.456,-0.049,432161.0,197382.0,187621.0,45.673,43.415,0.041,2.25,Norte
AM,Amazonas,2798611,2234549,564062,2170763,24402,39384,976764,28310,1046996,77531,35411,5751,44.996,48.232,3.572,1.631,1.304,0.265,LULA,13,20.155,2.855,-3.236,2056676.0,1019684.0,880198.0,49.579,42.797,-1.347,2.199,Norte
BA,Bahia,11312752,9053601,2259151,8560291,154936,338374,2442585,122705,5664771,195451,117518,17261,28.534,66.175,2.283,1.373,1.433,0.202,LULA,13,19.97,5.449,-37.641,8423008.0,5873081.0,2047599.0,69.727,24.31,-3.552,4.224,Nordeste
CE,Ceará,6996545,5910471,1086074,5617814,103295,189362,1756850,45604,3555263,140524,107587,11986,31.273,63.286,2.501,1.915,0.812,0.213,LULA,13,15.523,4.952,-32.013,5429264.0,3578355.0,1377827.0,65.909,25.378,-2.623,5.895,Nordeste
DF,Distrito Federal,2258320,1831396,426924,1772808,25362,33226,909616,85076,675627,45979,46714,9796,51.309,38.111,2.594,2.635,4.799,0.553,FLAVIO BOLSONARO,22,18.904,3.199,13.198,1762575.0,649534.0,910397.0,36.851,51.652,1.26,-0.343,Centro-Oeste
ES,Espírito Santo,2991650,2352282,639368,2251078,43211,57993,1233194,39097,850028,65121,53236,10402,54.782,37.761,2.893,2.365,1.737,0.462,FLAVIO BOLSONARO,22,21.372,4.302,17.021,2221130.0,897348.0,1160030.0,40.401,52.227,-2.64,2.555,Sudeste
ZZ,Exterior,916534,341766,574345,330882,5816,5068,143900,4708,157387,9734,8580,6573,43.49,47.566,2.942,2.593,1.423,1.987,LULA,13,62.665,3.185,-4.076,294525.0,138933.0,122548.0,47.172,41.609,0.394,1.881,Exterior
GO,Goiás,5080590,3971587,1109003,3827823,45643,98121,2051888,472041,1188880,53849,54105,7060,53.605,31.059,1.407,1.413,12.332,0.184,FLAVIO BOLSONARO,22,21.828,3.62,22.546,3681469.0,1454723.0,1920203.0,39.515,52.159,-8.456,1.446,Centro-Oeste
MA,Maranhão,5183115,4160343,1022772,4010439,46315,103589,1239040,50155,2566301,84830,60387,9726,30.895,63.991,2.115,1.506,1.251,0.243,LULA,13,19.733,3.603,-33.096,3781645.0,2603454.0,983861.0,68.844,26.017,-4.853,4.878,Nordeste
MT,Mato Grosso,2637801,2052133,585668,1993288,20756,38089,1298581,33079,581681,40019,33170,6758,65.148,29.182,2.008,1.664,1.66,0.339,FLAVIO BOLSONARO,22,22.203,2.868,35.966,1842888.0,633748.0,1102866.0,34.389,59.844,-5.207,5.304,Centro-Oeste
MS,Mato Grosso Do Sul,2024430,1541220,483210,1490278,21270,29672,873351,23291,516855,39148,31847,5786,58.603,34.682,2.627,2.137,1.563,0.388,FLAVIO BOLSONARO,22,23.869,3.305,23.921,1506989.0,588323.0,794206.0,39.04,52.702,-4.358,5.901,Centro-Oeste
MG,Minas Gerais,16372372,12637274,3735098,11976235,268302,392737,5777548,230423,5188936,409737,247209,122382,48.242,43.327,3.421,2.064,1.924,1.022,FLAVIO BOLSONARO,22,22.813,5.231,4.915,12016633.0,5802571.0,5239264.0,48.288,43.6,-4.961,4.642,Sudeste
PR,Paraná,8613657,6841457,1772200,6585243,122499,133715,3945345,171294,2054597,205095,177434,31478,59.912,31.2,3.114,2.694,2.601,0.478,FLAVIO BOLSONARO,22,20.574,3.745,28.712,6566764.0,2363492.0,3628612.0,35.992,55.257,-4.792,4.655,Sul
PB,Paraíba,3248531,2683988,564543,2513747,52297,117944,831377,19511,1541127,73831,42247,5654,33.073,61.308,2.937,1.681,0.776,0.225,LULA,13,17.378,6.343,-28.235,2421688.0,1554868.0,717416.0,64.206,29.625,-2.898,3.448,Nordeste
PA,Pará,6262397,5066504,1195893,4863172,54203,149129,2163957,51991,2427237,125172,84165,10650,44.497,49.911,2.574,1.731,1.069,0.219,LULA,13,19.096,4.013,-5.414,4679936.0,2443730.0,1884673.0,52.217,40.271,-2.306,4.226,Norte
PE,Pernambuco,7223450,5911062,1312388,5601017,109491,200554,1738043,73176,3553971,137960,85865,12002,31.031,63.452,2.463,1.533,1.306,0.214,LULA,13,18.168,5.245,-32.421,5452009.0,3558322.0,1630938.0,65.266,29.914,-1.814,1.117,Nordeste
PI,Piauí,2704758,2240883,463875,2146394,28329,66160,517028,21629,1523710,47692,32274,4061,24.088,70.989,2.222,1.504,1.008,0.189,LULA,13,17.15,4.217,-46.901,2044386.0,1518008.0,406897.0,74.253,19.903,-3.264,4.185,Nordeste
RJ,Rio De Janeiro,12857648,9859802,2997846,9369700,201979,288123,4966844,199844,3693021,247397,211843,50751,53.01,39.415,2.64,2.261,2.133,0.542,FLAVIO BOLSONARO,22,23.316,4.971,13.595,9456677.0,3847143.0,4831246.0,40.682,51.088,-1.267,1.922,Sudeste
RN,Rio Grande Do Norte,2659825,2171013,488812,2071898,33172,65943,720493,16407,1237963,57367,35261,4407,34.775,59.75,2.769,1.702,0.792,0.213,LULA,13,18.378,4.565,-24.975,2007264.0,1264179.0,622731.0,62.98,31.024,-3.23,3.751,Nordeste
RS,Rio Grande Do Sul,8522545,6702903,1819642,6423046,148339,131518,3573783,158821,2294759,195296,167558,32829,55.64,35.727,3.041,2.609,2.473,0.511,FLAVIO BOLSONARO,22,21.351,4.175,19.913,6637752.0,2806672.0,3245023.0,42.283,48.887,-6.556,6.753,Sul
RO,Rondônia,1265893,991080,274813,968059,9846,13175,652988,16929,250667,25280,19187,3008,67.453,25.894,2.611,1.982,1.749,0.311,FLAVIO BOLSONARO,22,21.709,2.323,41.559,903235.0,261749.0,581306.0,28.979,64.358,-3.085,3.095,Norte
RR,Roraima,401521,332772,68749,325545,2618,4609,231322,3639,74420,8579,6623,962,71.057,22.86,2.635,2.034,1.118,0.296,FLAVIO BOLSONARO,22,17.122,2.172,48.197,298369.0,68760.0,207587.0,23.045,69.574,-0.185,1.483,Norte
SC,Santa Catarina,5734651,4648159,1086492,4500897,69007,78255,3000020,79911,1127168,134273,132795,26730,66.654,25.043,2.983,2.95,1.775,0.594,FLAVIO BOLSONARO,22,18.946,3.168,41.611,4330984.0,1279216.0,2694406.0,29.536,62.212,-4.493,4.442,Sul
SE,Sergipe,1740135,1439082,301053,1364196,24859,50027,417839,26651,856019,38895,21405,3387,30.629,62.749,2.851,1.569,1.954,0.248,LULA,13,17.301,5.204,-32.12,1298432.0,828716.0,378610.0,63.824,29.159,-1.075,1.47,Nordeste
SP,São Paulo,34122892,26431992,7690900,24882948,632801,916243,12922023,579571,9505413,892368,804310,179263,51.931,38.201,3.586,3.232,2.329,0.72,FLAVIO BOLSONARO,22,22.539,5.86,13.73,25656334.0,10490032.0,12239989.0,40.887,47.707,-2.686,4.224,Sudeste
TO,Tocantins,1182023,965196,216827,930447,8344,26405,469321,20189,404009,22434,12983,1511,50.44,43.421,2.411,1.395,2.17,0.162,FLAVIO BOLSONARO,22,18.344,3.6,7.019,861792.0,434303.0,379194.0,50.395,44.001,-6.974,6.439,Norte
